Query, Refcode,LAB1  ,LAB2  ,LAB3  ,LAB4  ,LAB5  ,LAB6  ,LAB7  ,LAB8  ,LAB9  ,LAB10 ,LAB11 ,LAB12 ,DIST1 ,DIST2 
2,ABEGIY01,C7,C8,C13,C12,C11,C10,C9,H10,H9,H8,H7,H6,-,3.348
2,ABEGIY01,C7,C8,C13,C12,C11,C10,C9,H10,H9,H8,H7,H6,-,3.890
2,ABEGIY01,C7,C8,C13,C12,C11,C10,C9,H10,H9,H8,H7,H6,-,5.316
2,ABEGIY01,C7,C8,C13,C12,C11,C10,C9,H10,H9,H8,H7,H6,-,6.264
2,ACANIL07,N1,C3,C8,C7,C6,C5,C4,H9,H8,H7,H6,H5,-,6.165
2,ACANIL07,N1,C3,C8,C7,C6,C5,C4,H9,H8,H7,H6,H5,-,6.416
2,ACANIL07,N1,C3,C8,C7,C6,C5,C4,H9,H8,H7,H6,H5,-,6.637
2,BIJDII03,C1,C8,C13,C12,C11,C10,C9,H15,H14,H13,H12,H11,-,6.608
2,BIJDII03,N1,C14,C19,C18,C17,C16,C15,H20,H19,H18,H17,H16,-,3.109
2,BIJDII03,N1,C14,C19,C18,C17,C16,C15,H20,H19,H18,H17,H16,-,6.990
2,BOQJUP,C17,C18,C23,C22,C21,C20,C19,H23,H22,H21,H20,H19,-,2.754
2,BOSWEO,P2,C56,C61,C60,C59,C58,C57,H47,H46,H45,H44,H43,-,2.671
2,BOSWEO,P1,C10,C11,C12,C13,C14,C9,H6,H7,H8,H9,H5,-,3.140
2,BOSWEO,P1,C10,C11,C12,C13,C14,C9,H6,H7,H8,H9,H5,-,5.001
2,BOSWEO,P2,C50,C55,C54,C53,C52,C51,H42,H41,H40,H39,H38,-,3.700
2,BOSYUG,C12,C3,C6,C17,C19,C24,C2,H2,H12,H14,H20,H1,-,6.064
2,BOSZAN,C1,C5,C4,C13,C21,C23,C17,H1,H8,H20,H22,H12,-,6.043
2,BOSZER,C2,C1,C8,C18,C10,C14,C3,H4,H16,H5,H8,H1,-,5.181
2,BOTBEU,N1,C1,C6,C5,C4,C3,C2,H6,H5,H4,H3,H2,-,6.670
2,BOTBOE,N1,C7,C12,C11,C10,C9,C8,H10,H9,H8,H7,H6,-,6.659
2,BOTBOE,C4,C16,C21,C20,C19,C18,C17,H21,H20,H19,H18,H17,-,6.276
2,BOVSUD,C7,C1,C6,C5,C4,C3,C2,H5,H4,H3,H2,H1,-,6.241
2,BOVSUD,C7,C1,C6,C5,C4,C3,C2,H5,H4,H3,H2,H1,-,3.181
2,BOVSUD,C7,C1,C6,C5,C4,C3,C2,H5,H4,H3,H2,H1,-,5.631
2,BOWCIC,C3,C4,C8,C10,C13,C12,C5,H2,H4,H7,H6,H1,-,5.211
2,BOWQUC,N2,C24,C29,C28,C27,C26,C25,H23,H22,H21,H20,H19,-,2.627
2,BOWQUC,N2,C24,C29,C28,C27,C26,C25,H23,H22,H21,H20,H19,-,2.693
2,BOWQUC,N4,C59,C64,C63,C62,C61,C60,H51,H50,H49,H48,H47,-,3.190
2,BOWQUC,N4,C59,C64,C63,C62,C61,C60,H51,H50,H49,H48,H47,-,5.391
2,BOWQUC,N2,C30,C35,C34,C33,C32,C31,H28,H27,H26,H25,H24,-,2.413
2,BOWQUC,N4,C65,C70,C69,C68,C67,C66,H56,H55,H54,H53,H52,-,2.413
2,BOXSIT,C35,C44,C54,C65,C64,C58,C46,H36,H47,H46,H40,H30,-,3.932
2,BOXSUF,C8,C9,C21,C22,C12,C11,C10,H15,H16,H7,H6,H5,-,6.579
2,BOXSUF,C6,C23,C28,C27,C26,C25,C24,H21,H20,H19,H18,H17,-,4.953
2,BOXZUM,C18,C19,C24,C23,C22,C21,C20,H21,H20,H19,H18,H17,-,6.908
2,BOYCIE,C3,C17,C22,C21,C20,C19,C18,H20,H19,H18,H17,H16,-,3.347
2,BOYCIE,C3,C17,C22,C21,C20,C19,C18,H20,H19,H18,H17,H16,-,5.009
2,BOYCIE,C3,C17,C22,C21,C20,C19,C18,H20,H19,H18,H17,H16,-,6.717
2,BOYCIE,C3,C17,C22,C21,C20,C19,C18,H20,H19,H18,H17,H16,-,4.343
2,BOYFIH,C13,C1,C6,C5,C4,C3,C2,H5,H4,H3,H2,H1,-,6.074
2,BOYPAJ,C1,C12,C17,C16,C15,C14,C13,H14,H13,H12,H11,H10,-,3.152
2,BOYPAJ,C1,C12,C17,C16,C15,C14,C13,H14,H13,H12,H11,H10,-,3.366
2,BOYQIS,C13,C11,C25,C30,C27,C24,C20,H19,H24,H21,H18,H14,-,2.924
2,BOYRUF,C5,C12,C17,C16,C15,C14,C13,H13,H12,H11,H10,H9,-,6.358
2,BOYRUF,C3,C18,C23,C22,C21,C20,C19,H18,H17,H16,H15,H14,-,4.840
2,BOYSAM,C2,C20,C25,C24,C23,C22,C21,H23,H22,H21,H20,H19,-,5.485
2,BOYWOE,C2,C8,C12,C17,C18,C19,C9,H1,H2,H3,H4,H5,-,3.260
2,BOYWOE,C4,C1,C14,C21,C22,C20,C3,H10,H11,H12,H13,H14,-,5.130
2,BOYZEX,C17,C13,C27,C18,C20,C23,C15,H17,H9,H11,H14,H5,-,2.988
2,BOYZEX,C2,C3,C10,C19,C14,C22,C8,H3,H10,H4,H13,H2,-,4.509
2,BOYZUN,C2,C5,C13,C23,C25,C24,C12,H4,H13,H15,H14,H3,-,6.148
2,BOZKUZ,C29,C30,C35,C34,C33,C32,C31,H43,H42,H41,H40,H39,-,3.139
2,BOZLAG,C20,C21,C26,C25,C24,C23,C22,H29,H28,H27,H26,H25,-,4.988
2,BOZLEK,C7,C1,C6,C5,C4,C3,C2,H5,H4,H3,H2,H1,-,4.173
2,BOZLEK,C17,C18,C23,C22,C21,C20,C19,H28,H27,H26,H25,H24,-,2.999
2,BOZNUC,C21,C22,C27,C26,C25,C24,C23,H32,H31,H30,H29,H28,-,2.799
2,BOZNUC,C21,C22,C27,C26,C25,C24,C23,H32,H31,H30,H29,H28,-,4.047
2,BOZSAN,S1,C16,C21,C20,C19,C18,C17,H18,H17,H16,H15,H14,-,6.063
2,BOZSER,S1,C20,C25,C24,C23,C22,C21,H20,H19,H18,H17,H16,-,2.706
2,BOZSIV,C27,C24,C30,C36,C35,C32,C28,H19,H25,H24,H21,H17,-,5.139
2,BOZSIV,C9,C7,C15,C17,C18,C16,C14,H9,H11,H12,H10,H8,-,5.277
2,BOZSOB,C12,C13,C18,C17,C16,C15,C14,H12,H11,H10,H9,H8,-,5.387
2,BOZSUH,C5,C13,C18,C17,C16,C15,C14,H13,H12,H11,H10,H9,-,2.578
2,BOZSUH,C5,C13,C18,C17,C16,C15,C14,H13,H12,H11,H10,H9,-,6.279
2,BOZSUH,S1,C19,C24,C23,C22,C21,C20,H18,H17,H16,H15,H14,-,5.714
2,BOZXAS,N1,C1,C6,C5,C4,C3,C2,H5,H4,H3,H2,H1,-,6.502
2,BOZXEW,N1,C10,C15,C14,C13,C12,C11,H17,H16,H15,H14,H13,-,7.030
2,BOZXIA,N1,C1,C6,C5,C4,C3,C2,H5,H4,H3,H2,H1,-,3.367
2,BOZXIA,N1,C1,C6,C5,C4,C3,C2,H5,H4,H3,H2,H1,-,4.849
2,BOZXIA,N1,C1,C6,C5,C4,C3,C2,H5,H4,H3,H2,H1,-,6.157
2,BOZXIA,N1,C1,C6,C5,C4,C3,C2,H5,H4,H3,H2,H1,-,5.147
2,BOZXIA,N1,C1,C6,C5,C4,C3,C2,H5,H4,H3,H2,H1,-,6.091
2,BOZXOG,N1,C10,C15,C14,C13,C12,C11,H16,H15,H14,H13,H12,-,5.168
2,BOZXOG,N1,C10,C15,C14,C13,C12,C11,H16,H15,H14,H13,H12,-,2.839
2,BOZXOG,N2,C25,C30,C29,C28,C27,C26,H32,H31,H30,H29,H28,-,2.488
2,BOZXOG,N2,C25,C30,C29,C28,C27,C26,H32,H31,H30,H29,H28,-,4.543
2,BOZXUM,N1,C1,C6,C5,C4,C3,C2,H6,H5,H4,H3,H2,-,6.928
2,BOZYAT,N1,C10,C15,C14,C13,C12,C11,H17,H16,H15,H14,H13,-,6.954
2,BOZYEX,C9,C14,C28,C33,C34,C31,C26,H27,H35,H36,H34,H23,-,2.601
2,BOZYEX,C19,C32,C37,C38,C40,C39,C36,H41,H42,H44,H43,H40,-,3.665
2,BUBGOX,C2,C5,C10,C9,C8,C7,C6,H6,H5,H4,H3,H2,-,3.956
2,BUBGOX,C2,C5,C10,C9,C8,C7,C6,H6,H5,H4,H3,H2,-,4.843
2,BUBGUD,C3,C15,C20,C19,C18,C17,C16,H18,H17,H16,H15,H14,-,6.290
2,BUBHOY,C8,C9,C13,C14,C12,C11,C10,H11,H12,H10,H9,H8,-,3.382
2,BUBQAT,N1,C6,C22,C28,C13,C3,C7,H12,H16,H7,H3,H4,-,4.157
2,BUBQAT,N2,C27,C18,C9,C21,C53,C42,H9,H5,H11,H35,H26,-,4.830
2,BUBQAT,N5,C37,C47,C70,C66,C72,C43,H30,H50,H46,H52,H27,-,7.052
2,BUBQAT,N5,C55,C65,C54,C52,C60,C24,H45,H36,H34,H40,H13,-,6.778
2,BUCCAG,C15,C16,C21,C20,C19,C18,C17,H20,H19,H18,H17,H16,-,2.907
2,BUCCAG,C15,C16,C21,C20,C19,C18,C17,H20,H19,H18,H17,H16,-,3.176
2,BUCCAG,C22,C23,C28,C27,C26,C25,C24,H26,H25,H24,H23,H22,-,4.066
2,BUCCAG,C22,C23,C28,C27,C26,C25,C24,H26,H25,H24,H23,H22,-,6.079
2,BUCCAG,C15,C16,C21,C20,C19,C18,C17,H20,H19,H18,H17,H16,-,4.317
2,BUCCAG,C22,C23,C28,C27,C26,C25,C24,H26,H25,H24,H23,H22,-,2.978
2,BUCCAG,C15,C16,C21,C20,C19,C18,C17,H20,H19,H18,H17,H16,-,5.782
2,BUCCAG,C15,C16,C21,C20,C19,C18,C17,H20,H19,H18,H17,H16,-,5.805
2,BUCCAG,C22,C23,C28,C27,C26,C25,C24,H26,H25,H24,H23,H22,-,6.895
2,BUCDEL,C1,C7,C12,C11,C10,C9,C8,H11,H10,H9,H8,H7,-,6.500
2,BUCDEL,C1,C13,C18,C17,C16,C15,C14,H16,H15,H14,H13,H12,-,6.328
2,BUCRUP,N3,C13,C17,C12,C19,C18,C15,H12,H6,H14,H13,H10,-,5.146
2,BUCSAW,N2,C25,C30,C29,C28,C27,C26,H25,H24,H23,H22,H21,-,4.066
2,BUCSAW,N2,C25,C30,C29,C28,C27,C26,H25,H24,H23,H22,H21,-,3.290
2,BUCSAW,N2,C25,C30,C29,C28,C27,C26,H25,H24,H23,H22,H21,-,3.694
2,BUDCAH,N1,C6,C5,C4,C3,C2,C1,H5,H4,H3,H2,H1,-,3.201
2,BUDCAH,N1,C6,C5,C4,C3,C2,C1,H5,H4,H3,H2,H1,-,5.324
2,BUDCAH,N1,C6,C5,C4,C3,C2,C1,H5,H4,H3,H2,H1,-,5.845
2,BUDCAH,N4,C22,C21,C20,C19,C18,C17,H22,H21,H20,H19,H18,-,3.072
2,BUDCAH,N4,C22,C21,C20,C19,C18,C17,H22,H21,H20,H19,H18,-,5.284
2,BUDCAH,N4,C22,C21,C20,C19,C18,C17,H22,H21,H20,H19,H18,-,5.767
2,BUDGUF,C10,C11,C16,C15,C14,C13,C12,H13,H12,H11,H10,H9,-,6.819
2,BUDNAS,Se1,C19,C24,C23,C22,C21,C20,H22,H21,H20,H19,H18,-,2.703
2,BUDNAS,Se1,C19,C24,C23,C22,C21,C20,H22,H21,H20,H19,H18,-,3.068
2,BUDVII,N1,C10,C15,C14,C13,C12,C11,H15,H14,H13,H12,H11,-,3.143
2,BUDVII,N1,C10,C15,C14,C13,C12,C11,H15,H14,H13,H12,H11,-,6.475
2,BUDVII,C7,C1,C6,C5,C4,C3,C2,H5,H4,H3,H2,H1,-,3.145
2,BUDVII,C7,C1,C6,C5,C4,C3,C2,H5,H4,H3,H2,H1,-,4.317
2,BUDVII,C7,C1,C6,C5,C4,C3,C2,H5,H4,H3,H2,H1,-,6.118
2,BUDWEF,C17,C27,C32,C31,C30,C29,C28,H28,H27,H26,H25,H24,-,7.135
2,BUDYOP03,C1,C10,C15,C14,C13,C12,C11,H11,H10,H9,H8,H7,-,4.360
2,BUDYOP03,C1,C10,C15,C14,C13,C12,C11,H11,H10,H9,H8,H7,-,6.500
2,BUFBIQ,C16,C17,C22,C21,C20,C19,C18,H17,H16,H15,H14,H13,-,5.324
2,BUFBIQ,C9,C23,C28,C27,C26,C25,C24,H22,H21,H20,H19,H18,-,3.306
2,BUFBIQ,C9,C23,C28,C27,C26,C25,C24,H22,H21,H20,H19,H18,-,3.741
2,BUFBIQ,C9,C23,C28,C27,C26,C25,C24,H22,H21,H20,H19,H18,-,5.309
2,BUFBUC,C18,C21,C26,C25,C24,C23,C22,H30,H29,H28,H27,H26,-,5.474
2,BUFBUC,C45,C48,C53,C52,C51,C50,C49,H60,H59,H58,H57,H56,-,5.320
2,BUFMAT,C22,C23,C28,C27,C26,C25,C24,H48,H47,H46,H45,H44,-,3.853
2,BUFXUY,C7,C6,C5,C4,C3,C2,C1,H5,H4,H3,H2,H1,-,3.734
2,BUFXUY,C7,C6,C5,C4,C3,C2,C1,H5,H4,H3,H2,H1,-,6.135
2,BUFXUY,C7,C6,C5,C4,C3,C2,C1,H5,H4,H3,H2,H1,-,3.956
2,BUFYEJ,C7,C6,C5,C4,C3,C2,C1,H5,H4,H3,H2,H1,-,3.906
2,BUFYEJ,C7,C6,C5,C4,C3,C2,C1,H5,H4,H3,H2,H1,-,4.704
2,BUFYEJ,C7,C6,C5,C4,C3,C2,C1,H5,H4,H3,H2,H1,-,2.774
2,BUFYEJ,C7,C6,C5,C4,C3,C2,C1,H5,H4,H3,H2,H1,-,4.839
2,BUFYEJ,C7,C6,C5,C4,C3,C2,C1,H5,H4,H3,H2,H1,-,6.977
2,BUGJOF,C23,C28,C33,C32,C31,C30,C29,H24,H23,H22,H21,H20,-,4.266
2,BUGJOF,C23,C28,C33,C32,C31,C30,C29,H24,H23,H22,H21,H20,-,6.052
2,BUGJOF,C5,C9,C14,C13,C12,C11,C10,H8,H7,H6,H5,H4,-,3.096
2,BUGJOF,C5,C9,C14,C13,C12,C11,C10,H8,H7,H6,H5,H4,-,6.507
2,BUGKUM,C11,C12,C17,C16,C15,C14,C13,H19,H18,H17,H16,H15,-,3.892
2,BUGKUM,C39,C40,C45,C44,C43,C42,C41,H51,H50,H49,H48,H47,-,4.529
2,BUGKUM,C39,C40,C45,C44,C43,C42,C41,H51,H50,H49,H48,H47,-,4.807
2,BUGKUM,C67,C68,C73,C72,C71,C70,C69,H83,H82,H81,H80,H79,-,3.065
2,BUGKUM,C95,C96,C101,C100,C99,C98,C97,H115,H114,H113,H112,H111,-,2.502
2,BUGKUM,C95,C96,C101,C100,C99,C98,C97,H115,H114,H113,H112,H111,-,5.342
2,BUGKUM,C67,C68,C73,C72,C71,C70,C69,H83,H82,H81,H80,H79,-,4.719
2,BUGKUM,C95,C96,C101,C100,C99,C98,C97,H115,H114,H113,H112,H111,-,5.086
2,BUGLAT,C1,C4,C17,C18,C15,C13,C8,H14,H15,H12,H10,H3,-,2.661
2,BUGLAT,C1,C4,C17,C18,C15,C13,C8,H14,H15,H12,H10,H3,-,5.250
2,BUGLAT,C1,C4,C17,C18,C15,C13,C8,H14,H15,H12,H10,H3,-,5.360
2,BUGLAT,C27,C32,C35,C37,C38,C36,C34,H33,H35,H36,H34,H32,-,5.140
2,BUHFAO,P10,C195,C200,C199,C198,C197,C196,H244,H243,H242,H241,H240,-,4.400
2,BUHFAO,P11,C207,C212,C211,C210,C209,C208,H254,H253,H252,H251,H250,-,4.758
2,BUHFAO,P18,C325,C330,C329,C328,C327,C326,H391,H390,H389,H388,H387,-,3.190
2,BUHGAP,C10,C11,C16,C15,C14,C13,C12,H14,H13,H12,H11,H10,-,2.997
2,BUHGET,C40,C41,C46,C45,C44,C43,C42,H42,H41,H40,H39,H38,-,2.677
2,BUHGUJ,C50,C64,C69,C68,C67,C66,C65,H52,H51,H50,H49,H48,-,4.941
2,BUHGUJ,C2,C6,C11,C10,C9,C8,C7,H5,H4,H3,H2,H1,-,6.368
2,BUHHAQ,C9,C8,C21,C24,C20,C23,C13,H11,H14,H10,H13,H4,-,6.491
2,BUHSOP,C17,C18,C23,C22,C21,C20,C19,H23,H22,H21,H20,H19,-,5.500
2,BZHYDX04,C7,C1,C6,C5,C4,C3,C2,H5,H4,H3,H2,H1,-,2.787
2,BZHYDX04,C7,C1,C6,C5,C4,C3,C2,H5,H4,H3,H2,H1,-,6.344
2,BZHYDX04,C7,C1,C6,C5,C4,C3,C2,H5,H4,H3,H2,H1,-,5.430
2,BZHYDX04,C7,C1,C6,C5,C4,C3,C2,H5,H4,H3,H2,H1,-,6.059
2,BZHYDX04,C8,C9,C14,C13,C12,C11,C10,H10,H9,H8,H7,H6,-,4.327
2,BZHYDX04,C8,C9,C14,C13,C12,C11,C10,H10,H9,H8,H7,H6,-,4.677
2,BZHYDX04,C8,C9,C14,C13,C12,C11,C10,H10,H9,H8,H7,H6,-,2.807
2,BZHYDX04,C8,C9,C14,C13,C12,C11,C10,H10,H9,H8,H7,H6,-,5.111
2,BZOYEY02,C7,C1,C6,C5,C4,C3,C2,H5,H4,H3,H2,H1,-,3.179
2,BZOYEY02,C7,C1,C6,C5,C4,C3,C2,H5,H4,H3,H2,H1,-,4.801
2,BZOYEY02,C7,C1,C6,C5,C4,C3,C2,H5,H4,H3,H2,H1,-,5.592
2,BZOYEY02,C7,C1,C6,C5,C4,C3,C2,H5,H4,H3,H2,H1,-,5.283
2,COJZAF,N1,C3,C8,C7,C6,C5,C4,H7,H6,H5,H4,H3,-,6.122
2,COJZAF,N1,C3,C8,C7,C6,C5,C4,H7,H6,H5,H4,H3,-,5.966
2,COMDIT01,C8,C9,C13,C10,C14,C15,C11,H8,H5,H9,H10,H6,-,4.012
2,COMDIT01,C8,C9,C13,C10,C14,C15,C11,H8,H5,H9,H10,H6,-,5.771
2,COTVUF,C3,C6,C30,C45,C34,C33,C21,H18,H34,H22,H21,H10,-,4.898
2,COTWAM,C34,C23,C33,C22,C32,C29,C16,H38,H22,H37,H33,H17,-,4.413
2,COTWIU,C63,C55,C66,C69,C65,C70,C60,H70,H77,H69,H78,H63,-,4.397
2,COTWOA,C2,C3,C28,C45,C38,C30,C19,H15,H38,H29,H17,H9,-,4.892
2,COTWUG,C30,C33,C31,C45,C50,C43,C35,H29,H40,H44,H38,H30,-,6.225
2,COTXAN,C15,C1,C6,C14,C27,C23,C5,H3,H9,H23,H16,H2,-,2.556
2,COTXER,C19,C8,C23,C26,C27,C18,C6,H17,H20,H21,H13,H3,-,2.560
2,COTYAO,C3,C5,C17,C18,C15,C19,C16,H13,H14,H11,H15,H12,-,2.506
2,COTYOC,C3,C4,C9,C8,C7,C6,C5,H10,H9,H8,H7,H6,-,4.503
2,COVTOZ01,P1,C26,C31,C30,C29,C28,C27,H38,H37,H36,H35,H34,-,3.245
2,COVTOZ01,P1,C26,C31,C30,C29,C28,C27,H38,H37,H36,H35,H34,-,5.709
2,COVTOZ01,P2,C45,C50,C49,C48,C47,C46,H56,H55,H54,H53,H52,-,6.160
2,COVVIV,N2,C4,C9,C8,C7,C6,C5,H10,H9,H8,H7,H6,-,4.345
2,COVVIV,N2,C4,C9,C8,C7,C6,C5,H10,H9,H8,H7,H6,-,4.993
2,COWHII,P1,C18,C23,C22,C21,C20,C19,H21,H20,H19,H18,H17,-,4.052
2,COWHOO,P1,C12,C17,C16,C15,C14,C13,H15,H14,H13,H12,H11,-,3.824
2,COWHOO,P1,C18,C23,C22,C21,C20,C19,H20,H19,H18,H17,H16,-,5.968
2,COWHUU,P1,C12,C17,C16,C15,C14,C13,H15,H14,H13,H12,H11,-,5.538
2,COWHUU,P1,C18,C23,C22,C21,C20,C19,H20,H19,H18,H17,H16,-,3.137
2,COWHUU,P1,C18,C23,C22,C21,C20,C19,H20,H19,H18,H17,H16,-,6.562
2,COWJAC,N3,C25,C30,C29,C28,C27,C26,H26,H25,H24,H23,H22,-,6.841
2,COWJEG,P1,C18,C23,C22,C21,C20,C19,H20,H19,H18,H17,H16,-,4.509
2,COWJEG,P1,C18,C23,C22,C21,C20,C19,H20,H19,H18,H17,H16,-,2.686
2,COWJIK,P1,C12,C17,C16,C15,C14,C13,H15,H14,H13,H12,H11,-,4.991
2,COWJIK,P2,C46,C51,C50,C49,C48,C47,H50,H49,H48,H47,H46,-,4.848
2,COWJIK,P1,C12,C17,C16,C15,C14,C13,H15,H14,H13,H12,H11,-,3.995
2,COWJIK,P2,C46,C51,C50,C49,C48,C47,H50,H49,H48,H47,H46,-,3.901
2,COWKAD,P1,C11,C16,C15,C14,C13,C12,H13,H12,H11,H10,H9,-,4.520
2,COWMAF,C22,C23,C28,C27,C26,C25,C24,H16,H15,H14,H13,H12,-,5.551
2,COWMAF,C53,C54,C59,C58,C57,C56,C55,H42,H41,H40,H39,H38,-,5.495
2,COXGOO,S1,C8,C25,C26,C11,C10,C9,H21,H22,H7,H6,H5,-,3.426
2,COXJEH,C4,C17,C22,C21,C20,C19,C18,H22,H21,H20,H19,H18,-,2.942
2,COXJEH,C4,C17,C22,C21,C20,C19,C18,H22,H21,H20,H19,H18,-,5.560
2,COXKEI,C6,C22,C27,C26,C25,C24,C23,H24,H23,H22,H21,H20,-,6.485
2,COXKIM,C5,C6,C13,C14,C9,C8,C7,H16,H17,H10,H9,H8,-,6.200
2,COXLAF,C2,C10,C15,C14,C13,C12,C11,H10,H9,H8,H7,H6,-,3.063
2,COXPIR,P2,C47,C52,C51,C50,C49,C48,H43,H42,H41,H40,H39,-,2.818
2,COXPIR,P1,C21,C26,C25,C24,C23,C22,H15,H14,H13,H12,H11,-,5.161
2,COXPIR,P2,C53,C58,C57,C56,C55,C54,H48,H47,H46,H45,H44,-,2.751
2,COXXAR,P1,C9,C14,C13,C12,C11,C10,H15,H14,H13,H12,H11,-,4.301
2,COXXAR,P1,C9,C14,C13,C12,C11,C10,H15,H14,H13,H12,H11,-,5.129
2,COXXAR,P1,C15,C20,C19,C18,C17,C16,H20,H19,H18,H17,H16,-,6.686
2,COXXAR,P2,C30,C35,C34,C33,C32,C31,H36,H35,H34,H33,H32,-,2.601
2,COXXAR,P2,C30,C35,C34,C33,C32,C31,H36,H35,H34,H33,H32,-,2.744
2,COXXAR,P2,C30,C35,C34,C33,C32,C31,H36,H35,H34,H33,H32,-,3.668
2,COXYIA,C4,C2,C11,C10,C7,C9,C5,H10,H9,H4,H8,H3,-,4.472
2,COXYIA,C4,C2,C11,C10,C7,C9,C5,H10,H9,H4,H8,H3,-,5.756
2,COXYIA,C4,C2,C11,C10,C7,C9,C5,H10,H9,H4,H8,H3,-,3.674
2,COXYIA,C4,C2,C11,C10,C7,C9,C5,H10,H9,H4,H8,H3,-,6.504
2,COYDOM,C2,C3,C13,C12,C10,C7,C11,H12,H11,H9,H6,H10,-,4.528
2,COYFII,P1,C26,C31,C30,C29,C28,C27,H24,H23,H22,H21,H20,-,3.275
2,COYFII,P1,C32,C37,C36,C35,C34,C33,H29,H28,H27,H26,H25,-,5.523
2,COYFII,P2,C38,C43,C42,C41,C40,C39,H34,H33,H32,H31,H30,-,5.446
2,COYFII,P2,C38,C43,C42,C41,C40,C39,H34,H33,H32,H31,H30,-,5.746
2,COYFII,P2,C38,C43,C42,C41,C40,C39,H34,H33,H32,H31,H30,-,6.187
2,COYFII,P2,C44,C49,C48,C47,C46,C45,H39,H38,H37,H36,H35,-,2.956
2,COYFII,P2,C44,C49,C48,C47,C46,C45,H39,H38,H37,H36,H35,-,2.968
2,COYFII,P3,C59,C64,C63,C62,C61,C60,H55,H54,H53,H52,H51,-,2.761
2,COYFII,P3,C59,C64,C63,C62,C61,C60,H55,H54,H53,H52,H51,-,4.342
2,COYFII,P4,C65,C70,C69,C68,C67,C66,H60,H59,H58,H57,H56,-,3.056
2,COYFII,P4,C71,C76,C75,C74,C73,C72,H65,H64,H63,H62,H61,-,4.950
2,COZBAX,C39,C43,C48,C47,C46,C45,C44,H39,H38,H37,H36,H35,-,6.657
2,COZBAX,C55,C59,C64,C63,C62,C61,C60,H52,H51,H50,H49,H48,-,5.944
2,COZBAX,C7,C11,C16,C15,C14,C13,C12,H13,H12,H11,H10,H9,-,3.343
2,COZBAX,C23,C27,C32,C31,C30,C29,C28,H26,H25,H24,H23,H22,-,2.614
2,COZBAX,C23,C27,C32,C31,C30,C29,C28,H26,H25,H24,H23,H22,-,4.524
2,COZCOM,H50,C40,C45,C44,C43,C42,C41,H55,H54,H53,H52,H51,-,6.773
2,COZDON,C14,C10,C19,C21,C18,C22,C15,H17,H18,H16,H19,H15,-,3.432
2,COZDON,C14,C10,C19,C21,C18,C22,C15,H17,H18,H16,H19,H15,-,3.643
2,COZDON,C14,C10,C19,C21,C18,C22,C15,H17,H18,H16,H19,H15,-,5.779
2,COZZAV,H77,C73,C78,C77,C76,C75,C74,H82,H81,H80,H79,H78,-,3.152
2,COZZAV,H77,C73,C78,C77,C76,C75,C74,H82,H81,H80,H79,H78,-,5.837
2,CUBHOZ,C10,C14,C19,C18,C17,C16,C15,H24,H23,H22,H21,H20,-,4.402
2,CUBHOZ,C10,C14,C19,C18,C17,C16,C15,H24,H23,H22,H21,H20,-,4.734
2,CUBHOZ,C11,C21,C26,C25,C24,C23,C22,H32,H31,H30,H29,H28,-,3.136
2,CUBJUH,C38,C39,C44,C43,C42,C41,C40,H38,H37,H36,H35,H34,-,4.845
2,CUBJUH,C63,C64,C69,C68,C67,C66,C65,H58,H57,H56,H55,H54,-,5.005
2,CUBJUH,C88,C89,C94,C93,C92,C91,C90,H78,H77,H76,H75,H74,-,4.934
2,CUBJUH,C12,C13,C18,C17,C16,C15,C14,H15,H14,H13,H12,H11,-,3.871
2,CUBJUH,C38,C39,C44,C43,C42,C41,C40,H38,H37,H36,H35,H34,-,2.897
2,CUBJUH,C88,C89,C94,C93,C92,C91,C90,H78,H77,H76,H75,H74,-,4.379
2,CUBJUH,C19,C20,C25,C24,C23,C22,C21,H20,H19,H18,H17,H16,-,6.276
2,CUBJUH,C45,C46,C51,C50,C49,C48,C47,H43,H42,H41,H40,H39,-,6.212
2,CUBJUH,C70,C71,C76,C75,C74,C73,C72,H63,H62,H61,H60,H59,-,5.967
2,CUBJUH,C95,C96,C101,C100,C99,C98,C97,H83,H82,H81,H80,H79,-,5.481
2,CUBJUH,C45,C46,C51,C50,C49,C48,C47,H43,H42,H41,H40,H39,-,2.969
2,CUBJUH,C70,C71,C76,C75,C74,C73,C72,H63,H62,H61,H60,H59,-,2.526
2,CUBMEU,C33,C46,C51,C50,C49,C48,C47,H50,H49,H48,H47,H46,-,4.928
2,CUBMEU,C33,C46,C51,C50,C49,C48,C47,H50,H49,H48,H47,H46,-,2.821
2,CUBPEX,C48,C36,C49,C41,C56,C54,C45,H46,H35,H50,H48,H41,-,6.541
2,CUBTEB,C6,C1,C11,C16,C14,C13,C4,H4,H9,H7,H6,H1,-,3.095
2,CUBTEB,C6,C1,C11,C16,C14,C13,C4,H4,H9,H7,H6,H1,-,6.073
2,CUBTEB,C6,C1,C11,C16,C14,C13,C4,H4,H9,H7,H6,H1,-,6.656
2,CUBVUT,C24,C7,C18,C28,C25,C26,C15,H12,H25,H20,H21,H8,-,5.358
2,CUBVUT,C10,C4,C16,C22,C23,C20,C12,H9,H16,H17,H13,H5,-,5.513
2,CUBVUT,C10,C4,C16,C22,C23,C20,C12,H9,H16,H17,H13,H5,-,5.077
2,CUBWII,C28,C29,C34,C33,C32,C31,C30,H20,H19,H18,H17,H16,-,3.449
2,CUBWII,C28,C29,C34,C33,C32,C31,C30,H20,H19,H18,H17,H16,-,5.833
2,CUBWII,C7,C4,C5,C6,C1,C2,C3,H4,H5,H1,H2,H3,-,3.289
2,CUBWOO,C13,C16,C21,C20,C19,C18,C17,H14,H13,H12,H11,H10,-,3.676
2,CUBWOO,C13,C16,C21,C20,C19,C18,C17,H14,H13,H12,H11,H10,-,5.697
2,CUBWUU,C3,C11,C16,C22,C10,C19,C14,H8,H14,H3,H11,H6,-,2.779
2,CUBWUU,C3,C11,C16,C22,C10,C19,C14,H8,H14,H3,H11,H6,-,2.598
2,CUBWUU,C3,C11,C16,C22,C10,C19,C14,H8,H14,H3,H11,H6,-,6.179
2,CUBWUU,C24,C4,C20,C18,C23,C15,C9,H12,H10,H15,H7,H2,-,2.813
2,CUBXAB,C10,C11,C16,C15,C14,C13,C12,H10,H9,H8,H7,H6,-,5.850
2,CUBXAB,C10,C11,C16,C15,C14,C13,C12,H10,H9,H8,H7,H6,-,4.690
2,CUBXAB,C19,C20,C25,C24,C23,C22,C21,H15,H14,H13,H12,H11,-,5.519
2,CUBXAB,C19,C20,C25,C24,C23,C22,C21,H15,H14,H13,H12,H11,-,5.154
2,CUBXAB,C28,C29,C34,C33,C32,C31,C30,H20,H19,H18,H17,H16,-,2.860
2,CUBXAB,C7,C5,C6,C1,C2,C3,C4,H5,H1,H2,H3,H4,-,2.858
2,CUBXOP,C10,C11,C16,C15,C14,C13,C12,H13,H12,H11,H10,H9,-,3.956
2,CUBYAC,C11,C12,C13,C14,C15,C16,C5,H8,H9,H10,H11,H4,-,2.488
2,CUBYEG,C3,C4,C10,C11,C16,C17,C9,H2,H3,H7,H8,H1,-,6.501
2,CUCDIQ,C7,C8,C13,C12,C11,C10,C9,H9,H8,H7,H6,H5,-,4.306
2,CUCDIQ,C35,C36,C41,C40,C39,C38,C37,H26,H25,H24,H23,H22,-,6.529
2,CUCDIQ,C42,C43,C48,C47,C46,C45,C44,H31,H30,H29,H28,H27,-,5.795
2,CUCMOF,Sb1,C40,C45,C44,C43,C42,C41,H37,H36,H35,H34,H33,-,4.284
2,CUCMOF,Sb1,C3,C33,C32,C31,C30,C29,H27,H26,H25,H24,H23,-,4.024
2,CUCRAW,C5,C6,C11,C10,C9,C8,C7,H12,H11,H10,H9,H8,-,2.871
2,CUCRAW,C5,C6,C11,C10,C9,C8,C7,H12,H11,H10,H9,H8,-,6.252
2,CUDBOV,C4,C5,C6,C13,C9,C7,C3,H5,H6,H7,H8,H9,-,4.697
2,CUDBOV,C4,C5,C6,C13,C9,C7,C3,H5,H6,H7,H8,H9,-,5.878
2,CUDBOV01,C3,C5,C9,C13,C11,C12,C6,H5,H6,H7,H8,H9,-,5.462
2,CUDBOV02,C2,C4,C9,C12,C10,C11,C7,H5,H6,H7,H8,H9,-,5.460
2,CUDLAR,C5,C4,C13,C12,C1,C2,C3,H12,H11,H1,H2,H3,-,6.544
2,CUDLAR,N2,C8,C15,C14,C11,C10,C9,H14,H13,H10,H9,H8,-,4.289
2,CUDLAR,N2,C8,C15,C14,C11,C10,C9,H14,H13,H10,H9,H8,-,4.262
2,CUDLAR,N2,C8,C15,C14,C11,C10,C9,H14,H13,H10,H9,H8,-,6.540
2,CUDWIK,N2,C16,C21,C20,C19,C18,C17,H16,H15,H14,H13,H12,-,2.922
2,CUDWIK,C15,C9,C14,C13,C12,C11,C10,H9,H8,H7,H6,H5,-,3.299
2,CUDWIK,C15,C9,C14,C13,C12,C11,C10,H9,H8,H7,H6,H5,-,6.223
2,CUDZOT,C22,C21,C16,C17,C18,C19,C20,H13,H14,H15,H16,H17,-,2.425
2,CUDZOT,C22,C21,C16,C17,C18,C19,C20,H13,H14,H15,H16,H17,-,4.337
2,CUDZOT,C7,C6,C1,C2,C3,C4,C5,H1,H2,H3,H4,H5,-,3.076
2,CUDZOT,C7,C6,C1,C2,C3,C4,C5,H1,H2,H3,H4,H5,-,4.099
2,CUFDIT,S1,C10,C15,C14,C13,C12,C11,H11,H10,H9,H8,H7,-,4.795
2,CUFGIW,C12,C13,C18,C17,C16,C15,C14,H13,H12,H11,H10,H9,-,4.360
2,CUFGIW,C12,C13,C18,C17,C16,C15,C14,H13,H12,H11,H10,H9,-,6.481
2,CUFHET,C11,C12,C17,C16,C15,C14,C13,H14,H13,H12,H11,H10,-,6.188
2,CUFPOL,C9,C10,C15,C14,C13,C12,C11,H13,H12,H11,H10,H9,-,5.439
2,CUFWAE,C17,C18,C23,C22,C21,C20,C19,H19,H18,H17,H16,H15,-,3.088
2,CUFWAE,C17,C18,C23,C22,C21,C20,C19,H19,H18,H17,H16,H15,-,4.586
2,CUFWAE,C47,C48,C53,C52,C51,C50,C49,H45,H44,H43,H42,H41,-,2.426
2,CUFWAE,C47,C48,C53,C52,C51,C50,C49,H45,H44,H43,H42,H41,-,4.255
2,CUFWEI,C37,C36,C35,C34,C33,C32,C31,H31,H30,H29,H28,H27,-,5.137
2,CUFWEI,C37,C36,C35,C34,C33,C32,C31,H31,H30,H29,H28,H27,-,3.270
2,CUFWEI,C7,C6,C5,C4,C3,C2,C1,H5,H4,H3,H2,H1,-,2.742
2,CUFWEI,C7,C6,C5,C4,C3,C2,C1,H5,H4,H3,H2,H1,-,3.448
2,CUFWEI,C37,C36,C35,C34,C33,C32,C31,H31,H30,H29,H28,H27,-,6.101
2,CUGFUI,C13,C15,C20,C19,C18,C17,C16,H24,H23,H22,H21,H20,-,6.871
2,CUGFUI,P1,C27,C32,C31,C30,C29,C28,H34,H33,H32,H31,H30,-,6.660
2,CUGGET,C28,C36,C41,C40,C39,C38,C37,H34,H33,H32,H31,H30,-,4.978
2,CUGGET,C7,C15,C20,C19,C18,C17,C16,H16,H15,H14,H13,H12,-,2.797
2,CUGGET,C7,C15,C20,C19,C18,C17,C16,H16,H15,H14,H13,H12,-,5.146
2,CUGHOE,C16,C10,C12,C13,C15,C14,C11,H9,H10,H12,H11,H8,-,3.429
2,CUGHOE,C16,C10,C12,C13,C15,C14,C11,H9,H10,H12,H11,H8,-,2.381
2,CUGHOE,C16,C4,C9,C7,C5,C6,C8,H7,H5,H3,H4,H6,-,4.587
2,CUGJEW,C22,C23,C28,C27,C26,C25,C24,H27,H26,H25,H24,H23,-,2.905
2,CUZROG01,O11,C23,C28,C27,C26,C25,C24,H34,H33,H32,H31,H30,-,2.938
2,DOJYAF,C37,C59,C64,C63,C62,C61,C60,H74,H73,H72,H71,H70,-,4.102
2,DOJYAF,C5,C27,C32,C31,C30,C29,C28,H37,H36,H35,H34,H33,-,4.009
2,DOJYAF,C37,C59,C64,C63,C62,C61,C60,H74,H73,H72,H71,H70,-,6.620
2,DOJYAF,C5,C27,C32,C31,C30,C29,C28,H37,H36,H35,H34,H33,-,6.482
2,DOMJUN,C7,C6,C5,C3,C1,C2,C4,H6,H4,H2,H3,H5,-,5.877
2,DONLUQ,C6,C8,C20,C19,C14,C17,C11,H15,H14,H7,H12,H4,-,4.029
2,DOVGON,N1,C9,C14,C13,C12,C11,C10,H19,H18,H17,H16,H15,-,5.983
2,DOVGON,N1,C9,C14,C13,C12,C11,C10,H19,H18,H17,H16,H15,-,3.075
2,DOVGON,C15,C16,C21,C20,C19,C18,C17,H26,H25,H24,H23,H22,-,3.573
2,DOVGON,C15,C16,C21,C20,C19,C18,C17,H26,H25,H24,H23,H22,-,6.745
2,DOVHII,C17,C19,C13,C14,C10,C6,C8,H14,H15,H8,H4,H5,-,5.026
2,DOVHII,C17,C19,C13,C14,C10,C6,C8,H14,H15,H8,H4,H5,-,5.348
2,DOVHOO,C6,C4,C5,C11,C10,C8,C2,H4,H10,H9,H6,H3,-,6.315
2,DOVHOO,C6,C4,C5,C11,C10,C8,C2,H4,H10,H9,H6,H3,-,2.773
2,DOVHOO,C6,C4,C5,C11,C10,C8,C2,H4,H10,H9,H6,H3,-,4.306
2,DOVMOT,C43,C44,C49,C48,C47,C46,C45,H59,H58,H57,H56,H55,-,4.862
2,DOVMOT,C61,C62,C67,C66,C65,C64,C63,H72,H71,H70,H69,H68,-,5.008
2,DOVMOT,C69,C70,C75,C74,C73,C72,C71,H77,H76,H75,H74,H73,-,2.702
2,DOVVAO,C22,C25,C35,C36,C31,C34,C33,H29,H30,H25,H28,H27,-,6.035
2,DOVVAO,C2,C1,C10,C11,C17,C16,C5,H9,H10,H15,H14,H2,-,6.249
2,DOVVUI,C4,C6,C11,C10,C9,C8,C7,H9,H8,H7,H6,H5,-,4.101
2,DOVVUI,C4,C6,C11,C10,C9,C8,C7,H9,H8,H7,H6,H5,-,6.420
2,DOWCEA,C67,C68,C73,C72,C71,C70,C69,H63,H62,H61,H60,H59,-,4.621
2,DOWCEA,C67,C68,C73,C72,C71,C70,C69,H63,H62,H61,H60,H59,-,2.728
2,DOWCEA,C74,C75,C80,C79,C78,C77,C76,H68,H67,H66,H65,H64,-,3.314
2,DOWCEA,C74,C75,C80,C79,C78,C77,C76,H68,H67,H66,H65,H64,-,4.537
2,DOWCEA,C88,C89,C94,C93,C92,C91,C90,H78,H77,H76,H75,H74,-,4.295
2,DOWCEA,C95,C96,C101,C100,C99,C98,C97,H83,H82,H81,H80,H79,-,6.215
2,DOWCEA,C95,C96,C101,C100,C99,C98,C97,H83,H82,H81,H80,H79,-,4.812
2,DOWCEA,C102,C103,C108,C107,C106,C105,C104,H88,H87,H86,H85,H84,-,4.987
2,DOWCEA,C102,C103,C108,C107,C106,C105,C104,H88,H87,H86,H85,H84,-,5.189
2,DOWCEA,C115,C109,C114,C113,C112,C111,C110,H93,H92,H91,H90,H89,-,6.195
2,DOWCEA,C25,C26,C31,C30,C29,C28,C27,H33,H32,H31,H30,H29,-,2.772
2,DOWCEA,C32,C33,C38,C37,C36,C35,C34,H38,H37,H36,H35,H34,-,4.293
2,DOWCEA,C32,C33,C38,C37,C36,C35,C34,H38,H37,H36,H35,H34,-,4.547
2,DOWCEA,C39,C40,C45,C44,C43,C42,C41,H43,H42,H41,H40,H39,-,4.088
2,DOWCEA,C53,C54,C59,C58,C57,C56,C55,H53,H52,H51,H50,H49,-,5.684
2,DOWCEA,C53,C54,C59,C58,C57,C56,C55,H53,H52,H51,H50,H49,-,6.410
2,DOWCEA,C60,C61,C66,C65,C64,C63,C62,H58,H57,H56,H55,H54,-,4.611
2,DOWCUQ,C30,C31,C36,C35,C34,C33,C32,H28,H27,H26,H25,H24,-,3.076
2,DOWDAX,C27,C26,C25,C24,C23,C22,C21,H23,H22,H21,H20,H19,-,6.637
2,DOWDAX,C68,C67,C66,C65,C64,C63,C62,H63,H62,H61,H60,H59,-,6.485
2,DOWFON,C7,C6,C5,C4,C3,C2,C1,H5,H4,H3,H2,H1,-,3.427
2,DOWFON,C7,C6,C5,C4,C3,C2,C1,H5,H4,H3,H2,H1,-,5.443
2,DOWFUT,C27,C26,C25,C24,C23,C22,C21,H23,H22,H21,H20,H19,-,6.544
2,DOWGEE,C19,C18,C17,C16,C15,C14,C13,H15,H14,H13,H12,H11,-,5.018
2,DOWGII,C26,C25,C24,C23,C22,C21,C20,H20,H19,H18,H17,H16,-,6.009
2,DOWGUU,C30,C31,C36,C35,C34,C33,C32,H28,H27,H26,H25,H24,-,4.890
2,DOWHIJ,C27,C26,C25,C24,C23,C22,C21,H23,H22,H21,H20,H19,-,5.570
2,DOWHUV,C26,C25,C24,C23,C22,C21,C20,H20,H19,H18,H17,H16,-,6.471
2,DOWTIV,P1,C9,C14,C13,C12,C11,C10,H10,H9,H8,H7,H6,-,3.699
2,DOWTIV,P1,C9,C14,C13,C12,C11,C10,H10,H9,H8,H7,H6,-,5.031
2,DOWTIV,P1,C15,C20,C19,C18,C17,C16,H15,H14,H13,H12,H11,-,3.106
2,DOWVET,C6,C5,C12,C11,C2,C3,C4,H7,H6,H1,H2,H3,-,4.219
2,DOWVET,C6,C5,C12,C11,C2,C3,C4,H7,H6,H1,H2,H3,-,5.664
2,DOXCAX,C1,C2,C7,C6,C5,C4,C3,H5,H4,H3,H2,H1,-,5.938
2,DOXCAX,C8,C9,C14,C13,C12,C11,C10,H10,H9,H8,H7,H6,-,2.642
2,DOXCEB,C8,C9,C14,C13,C12,C11,C10,H10,H9,H8,H7,H6,-,2.608
2,DOXCIF,C1,C2,C7,C6,C5,C4,C3,H5,H4,H3,H2,H1,-,5.915
2,DOXCIF,C8,C9,C14,C13,C12,C11,C10,H10,H9,H8,H7,H6,-,3.121
2,DOXCOL,C1,C2,C7,C6,C5,C4,C3,H5,H4,H3,H2,H1,-,2.486
2,DOXCOL,C8,C9,C14,C13,C12,C11,C10,H10,H9,H8,H7,H6,-,5.145
2,DOXFEE,C13,C14,C19,C18,C17,C16,C15,H14,H13,H12,H11,H10,-,6.183
2,DOXFEE,C13,C14,C19,C18,C17,C16,C15,H14,H13,H12,H11,H10,-,4.656
2,DOXFEE,C13,C14,C19,C18,C17,C16,C15,H14,H13,H12,H11,H10,-,4.615
2,DOXFEE,C24,C25,C30,C29,C28,C27,C26,H29,H28,H27,H26,H25,-,2.596
2,DOXFEE,C35,C36,C41,C40,C39,C38,C37,H44,H43,H42,H41,H40,-,4.905
2,DOXFII,C9,C10,C15,C14,C13,C12,C11,H12,H11,H10,H9,H8,-,4.691
2,DOXFII,C37,C38,C43,C42,C41,C40,C39,H49,H48,H47,H46,H45,-,4.356
2,DOXFII,C37,C38,C43,C42,C41,C40,C39,H49,H48,H47,H46,H45,-,6.364
2,DOXFII,C9,C10,C15,C14,C13,C12,C11,H12,H11,H10,H9,H8,-,6.393
2,DOXFII,C46,C47,C52,C51,C50,C49,C48,H62,H61,H60,H59,H58,-,4.047
2,DOXFOO,C9,C10,C15,C14,C13,C12,C11,H12,H11,H10,H9,H8,-,7.120
2,DOXFOO,C20,C21,C26,C25,C24,C23,C22,H27,H26,H25,H24,H23,-,2.602
2,DOXFUU,C8,C9,C14,C13,C12,C11,C10,H10,H9,H8,H7,H6,-,7.098
2,DOXFUU,C8,C9,C14,C13,C12,C11,C10,H10,H9,H8,H7,H6,-,5.983
2,DOXFUU,C4,C19,C24,C23,C22,C21,C20,H23,H22,H21,H20,H19,-,2.939
2,DOXHUW,C4,C1,C5,C13,C11,C10,C3,H3,H10,H8,H7,H1,-,4.571
2,DOXHUW,C4,C1,C5,C13,C11,C10,C3,H3,H10,H8,H7,H1,-,6.528
2,DOXJIM,C3,C4,C9,C8,C7,C6,C5,H11,H10,H9,H8,H7,-,6.570
2,DOXJIM,C3,C4,C9,C8,C7,C6,C5,H11,H10,H9,H8,H7,-,5.944
2,DOXJUY,C1,C2,C7,C6,C5,C4,C3,H10,H9,H8,H7,H6,-,3.927
2,DOXJUY,C1,C2,C7,C6,C5,C4,C3,H10,H9,H8,H7,H6,-,5.872
2,DOXJUY,C1,C2,C7,C6,C5,C4,C3,H10,H9,H8,H7,H6,-,3.949
2,DOXJUY,C1,C2,C7,C6,C5,C4,C3,H10,H9,H8,H7,H6,-,7.137
2,DOXKAF,C1,C2,C7,C6,C5,C4,C3,H10,H9,H8,H7,H6,-,2.836
2,DOXKAF,C1,C2,C7,C6,C5,C4,C3,H10,H9,H8,H7,H6,-,5.644
2,DOXKAF,C1,C2,C7,C6,C5,C4,C3,H10,H9,H8,H7,H6,-,5.837
2,DOXKAF,C1,C2,C7,C6,C5,C4,C3,H10,H9,H8,H7,H6,-,3.826
2,DOXKAF,C1,C2,C7,C6,C5,C4,C3,H10,H9,H8,H7,H6,-,4.702
2,DOXKAF,C1,C2,C7,C6,C5,C4,C3,H10,H9,H8,H7,H6,-,6.476
2,DOXKAF,C8,C9,C14,C13,C12,C11,C10,H20,H19,H18,H17,H16,-,3.942
2,DOXKAF,C8,C9,C14,C13,C12,C11,C10,H20,H19,H18,H17,H16,-,6.585
2,DOXKAF,C8,C9,C14,C13,C12,C11,C10,H20,H19,H18,H17,H16,-,6.225
2,DOXKAF,C8,C9,C14,C13,C12,C11,C10,H20,H19,H18,H17,H16,-,6.772
2,DOXKEJ,C10,C11,C16,C15,C14,C13,C12,H18,H17,H16,H15,H14,-,5.426
2,DOXKEJ,C10,C11,C16,C15,C14,C13,C12,H18,H17,H16,H15,H14,-,6.539
2,DOXKEJ,C10,C11,C16,C15,C14,C13,C12,H18,H17,H16,H15,H14,-,5.919
2,DOXKIN,C8,C9,C14,C13,C12,C11,C10,H12,H11,H10,H9,H8,-,6.904
2,DOXKIN,C8,C9,C14,C13,C12,C11,C10,H12,H11,H10,H9,H8,-,2.816
2,DOXKIN,C8,C9,C14,C13,C12,C11,C10,H12,H11,H10,H9,H8,-,2.954
2,DOXKIN,C8,C9,C14,C13,C12,C11,C10,H12,H11,H10,H9,H8,-,6.320
2,DOXKUZ,C11,C7,C10,C12,C13,C8,C9,H16,H19,H20,H11,H12,-,6.303
2,DOXKUZ,C11,C7,C10,C12,C13,C8,C9,H16,H19,H20,H11,H12,-,6.344
2,DOXLAG,C25,C26,C31,C30,C29,C28,C27,H18,H17,H16,H15,H14,-,6.503
2,DOXLAG,C32,C33,C38,C37,C36,C35,C34,H28,H27,H26,H25,H24,-,6.609
2,DOXLAG,C39,C40,C45,C44,C43,C42,C41,H38,H37,H36,H35,H34,-,5.772
2,DOXLAG,C46,C47,C52,C51,C50,C49,C48,H48,H47,H46,H45,H44,-,6.738
2,DOXNOW,N2,C3,C8,C7,C6,C5,C4,H5,H4,H3,H2,H1,-,6.536
2,DOXNOW,N2,C3,C8,C7,C6,C5,C4,H5,H4,H3,H2,H1,-,6.035
2,DOXQIT,C7,C10,C15,C14,C13,C12,C11,H15,H14,H13,H12,H11,-,7.071
2,DOXQIT,C7,C10,C15,C14,C13,C12,C11,H15,H14,H13,H12,H11,-,7.450
2,DOXQIT,C7,C10,C15,C14,C13,C12,C11,H15,H14,H13,H12,H11,-,4.727
2,DOXQIT,C7,C10,C15,C14,C13,C12,C11,H15,H14,H13,H12,H11,-,3.929
2,DOXQIT,C7,C10,C15,C14,C13,C12,C11,H15,H14,H13,H12,H11,-,3.352
2,DOXQIT,C7,C10,C15,C14,C13,C12,C11,H15,H14,H13,H12,H11,-,6.426
2,DOXQIT,C7,C10,C15,C14,C13,C12,C11,H15,H14,H13,H12,H11,-,3.647
2,DOXXUM,C12,C7,C27,C32,C29,C21,C23,H21,H26,H23,H14,H15,-,6.548
2,DOXXUM,C12,C7,C27,C32,C29,C21,C23,H21,H26,H23,H14,H15,-,2.700
2,DOXXUM,C12,C7,C27,C32,C29,C21,C23,H21,H26,H23,H14,H15,-,3.487
2,DOXXUM,C15,C2,C24,C31,C28,C30,C20,H16,H25,H22,H24,H13,-,3.818
2,DOYNIR,C11,C12,C17,C16,C15,C14,C13,H12,H11,H10,H9,H8,-,6.111
2,DOYTIX,C3,C17,C16,C18,C19,C20,C21,H7,H8,H9,H10,H11,-,3.943
2,DOYTIX,C3,C17,C16,C18,C19,C20,C21,H7,H8,H9,H10,H11,-,4.243
2,DOYTIX,C15,C22,C27,C26,C25,C24,C23,H16,H15,H14,H13,H12,-,3.064
2,DOZJIO,N1,C10,C15,C14,C13,C12,C11,H16,H15,H14,H13,H12,-,2.679
2,DOZJIO,N1,C10,C15,C14,C13,C12,C11,H16,H15,H14,H13,H12,-,6.540
2,DOZKIP,C13,C14,C19,C18,C17,C16,C15,H17,H16,H15,H14,H13,-,5.746
2,DOZNAK,N1,C15,C20,C19,C18,C17,C16,H13,H12,H11,H10,H9,-,5.209
2,DOZNAK,N6,C36,C41,C40,C39,C38,C37,H29,H28,H27,H26,H25,-,5.097
2,DOZNAK,N6,C36,C41,C40,C39,C38,C37,H29,H28,H27,H26,H25,-,6.371
2,DOZNEO,N11,C36,C41,C40,C39,C38,C37,H33,H32,H31,H30,H29,-,6.351
2,DOZNEO,N11,C36,C41,C40,C39,C38,C37,H33,H32,H31,H30,H29,-,2.981
2,DPHPEN03,C2,C10,C17,C9,C5,C3,C11,H14,H8,H4,H2,H9,-,6.443
2,DPHPEN03,C13,C15,C4,C8,C6,C7,C1,H3,H7,H5,H6,H1,-,2.949
2,DPHPEN03,C13,C15,C4,C8,C6,C7,C1,H3,H7,H5,H6,H1,-,4.647
2,DPHPEN03,C13,C15,C4,C8,C6,C7,C1,H3,H7,H5,H6,H1,-,5.574
2,DUBGIT,P1,C8,C20,C31,C32,C25,C12,H11,H23,H24,H16,H4,-,3.775
2,DUBGOZ,C20,C21,C26,C25,C24,C23,C22,H15,H14,H13,H12,H11,-,3.577
2,DUBGOZ,C20,C21,C26,C25,C24,C23,C22,H15,H14,H13,H12,H11,-,4.647
2,DUBGUF,C14,C15,C20,C19,C18,C17,C16,H11,H10,H9,H8,H7,-,3.705
2,DUBHIU,C18,C19,C24,C23,C22,C21,C20,H21,H20,H19,H18,H17,-,4.133
2,DUBKOD,C11,C17,C16,C15,C14,C13,C12,H11,H10,H9,H8,H7,-,3.212
2,DUBKOD,C18,C24,C23,C22,C21,C20,C19,H18,H17,H16,H15,H14,-,4.948
2,DUBRAW,C2,C3,C8,C7,C6,C5,C4,H7,H6,H5,H4,H3,-,3.001
2,DUBRAW,C2,C3,C8,C7,C6,C5,C4,H7,H6,H5,H4,H3,-,3.206
2,DUBYUX,N1,C9,C14,C13,C12,C11,C10,H11,H10,H9,H8,H7,-,2.782
2,DUBYUX,N1,C9,C14,C13,C12,C11,C10,H11,H10,H9,H8,H7,-,5.031
2,DUCBAH,C23,C24,C29,C28,C27,C26,C25,H25,H24,H23,H22,H21,-,5.233
2,DUCBAH,C23,C24,C29,C28,C27,C26,C25,H25,H24,H23,H22,H21,-,4.807
2,DUCBAH,C7,C6,C5,C4,C3,C2,C1,H5,H4,H3,H2,H1,-,5.303
2,DUCFOZ,C15,C16,C21,C20,C19,C18,C17,H24,H23,H22,H21,H20,-,4.366
2,DUCFUF,C26,C27,C32,C31,C30,C29,C28,H36,H35,H34,H33,H32,-,7.131
2,DUCFUF,C72,C73,C78,C77,C76,C75,C74,H88,H87,H86,H85,H84,-,2.839
2,DUCFUF,C16,C17,C22,C21,C20,C19,C18,H25,H24,H23,H22,H21,-,3.067
2,DUCFUF,C39,C40,C45,C44,C43,C42,C41,H51,H50,H49,H48,H47,-,5.295
2,DUCFUF,C62,C63,C68,C67,C66,C65,C64,H77,H76,H75,H74,H73,-,3.054
2,DUCFUF,C85,C86,C91,C90,C89,C88,C87,H103,H102,H101,H100,H99,-,4.129
2,DUCGUG,C28,C29,C34,C33,C32,C31,C30,H30,H29,H28,H27,H26,-,6.326
2,DUCGUG,Si2,C95,C100,C99,C98,C97,C96,H105,H104,H103,H102,H101,-,6.113
2,DUCGUG,Si1,C48,C53,C52,C51,C50,C49,H55,H54,H53,H52,H51,-,4.861
2,DUCLOF,C15,C16,C21,C20,C19,C18,C17,H14,H13,H12,H11,H10,-,4.684
2,DUCNAT,C22,C23,C27,C26,C30,C25,C24,H21,H20,H26,H19,H18,-,3.282
2,DUCNIB,C4,C1,C13,C20,C18,C19,C10,H6,H13,H11,H12,H3,-,6.739
2,DUCNOH,C2,C4,C18,C20,C21,C22,C12,H11,H13,H14,H15,H6,-,6.466
2,DUCXUX,C7,C6,C5,C4,C3,C2,C1,H5,H4,H3,H2,H1,-,3.899
2,DUCXUX,C7,C6,C5,C4,C3,C2,C1,H5,H4,H3,H2,H1,-,4.213
2,DUDMAT,P1,C10,C15,C14,C13,C12,C11,H15,H14,H13,H12,H11,-,5.271
2,DUDMAT,P1,C4,C9,C8,C7,C6,C5,H10,H9,H8,H7,H6,-,5.445
2,DUDSED,C11,C12,C17,C20,C21,C16,C15,H15,H18,H19,H14,H13,-,6.468
2,DUDSON,C7,C6,C20,C21,C23,C22,C19,H18,H19,H21,H20,H17,-,6.044
2,DUDSUT,C8,C11,C18,C25,C28,C24,C16,H14,H19,H22,H18,H12,-,6.639
2,DUDYOT,C7,C6,C5,C4,C3,C2,C1,H6,H5,H4,H3,H2,-,4.493
2,DUDYOT,C7,C6,C5,C4,C3,C2,C1,H6,H5,H4,H3,H2,-,5.404
2,DUDYUZ,C7,C6,C5,C4,C3,C2,C1,H6,H5,H4,H3,H2,-,4.745
2,DUDYUZ,C7,C6,C5,C4,C3,C2,C1,H6,H5,H4,H3,H2,-,6.476
2,DUDYUZ,C7,C6,C5,C4,C3,C2,C1,H6,H5,H4,H3,H2,-,6.537
2,DUDZAG,C15,C16,C21,C20,C19,C18,C17,H18,H17,H16,H15,H14,-,3.688
2,DUDZAG,C15,C16,C21,C20,C19,C18,C17,H18,H17,H16,H15,H14,-,7.206
2,DUDZAG,C15,C16,C21,C20,C19,C18,C17,H18,H17,H16,H15,H14,-,6.343
2,DUDZAG,C38,C39,C44,C43,C42,C41,C40,H39,H38,H37,H36,H35,-,6.480
2,DUFPOM,C8,C9,C14,C13,C12,C11,C10,H10,H9,H8,H7,H6,-,2.862
2,DUFPOM,C8,C9,C14,C13,C12,C11,C10,H10,H9,H8,H7,H6,-,3.985
2,DUFPOM,C8,C9,C14,C13,C12,C11,C10,H10,H9,H8,H7,H6,-,4.452
2,DUFPOM,C5,C4,C22,C23,C1,C2,C3,H15,H16,H1,H2,H3,-,5.810
2,DUFQAZ,C11,C12,C17,C16,C15,C14,C13,H15,H14,H13,H12,H11,-,4.847
2,DUFQAZ,C11,C12,C17,C16,C15,C14,C13,H15,H14,H13,H12,H11,-,6.919
2,DUFQAZ,C45,C46,C51,C50,C49,C48,C47,H57,H56,H55,H54,H53,-,4.792
2,DUFQAZ,C45,C46,C51,C50,C49,C48,C47,H57,H56,H55,H54,H53,-,6.499
2,DUFRUU,C13,C17,C16,C19,C18,C20,C21,H19,H21,H20,H22,H23,-,3.586
2,DUFRUU,C13,C17,C16,C19,C18,C20,C21,H19,H21,H20,H22,H23,-,4.254
2,DUFRUU,C22,C23,C28,C27,C26,C25,C24,H29,H28,H27,H26,H25,-,4.515
2,DUFTEG,C7,C19,C24,C23,C22,C21,C20,H19,H18,H17,H16,H15,-,4.122
2,DUFTEG,C7,C19,C24,C23,C22,C21,C20,H19,H18,H17,H16,H15,-,4.243
2,DUGKIC,C1,C2,C8,C12,C10,C9,C5,H2,H5,H4,H3,H1,-,5.138
2,DUGKIC,C1,C2,C8,C12,C10,C9,C5,H2,H5,H4,H3,H1,-,6.388
2,DUGRIJ,C8,C14,C19,C18,C17,C16,C15,H17,H16,H15,H14,H13,-,3.268
2,DUGRIJ,C8,C14,C19,C18,C17,C16,C15,H17,H16,H15,H14,H13,-,4.996
2,DUGRIJ,C8,C14,C19,C18,C17,C16,C15,H17,H16,H15,H14,H13,-,6.472
2,EKAXEV01,C105,C106,C111,C110,C109,C108,C107,H127,H126,H125,H124,H123,-,6.368
2,EKAXEV01,C173,C174,C179,C178,C177,C176,C175,H204,H203,H202,H201,H200,-,6.621
2,EKAXEV01,C186,C187,C192,C191,C190,C189,C188,H218,H217,H216,H215,H214,-,6.535
2,EKAXEV01,C199,C200,C205,C204,C203,C202,C201,H232,H231,H230,H229,H228,-,6.529
2,EKAXEV01,C212,C213,C218,C217,C216,C215,C214,H246,H245,H244,H243,H242,-,6.511
2,EKAXEV01,C7,C8,C13,C12,C11,C10,C9,H14,H13,H12,H11,H10,-,6.302
2,EKAXEV01,C79,C80,C85,C84,C83,C82,C81,H99,H98,H97,H96,H95,-,6.336
2,EKAXEV01,C92,C93,C98,C97,C96,C95,C94,H113,H112,H111,H110,H109,-,6.354
2,FARPUK01,C7,C6,C5,C4,C3,C2,C1,H5,H4,H3,H2,H1,-,2.758
2,FARPUK01,C7,C6,C5,C4,C3,C2,C1,H5,H4,H3,H2,H1,-,3.804
2,FARPUK01,C7,C6,C5,C4,C3,C2,C1,H5,H4,H3,H2,H1,-,6.944
2,FORCAT,N4,C33,C38,C37,C36,C35,C34,H26,H25,H24,H23,H22,-,4.800
2,FORCAT,N2,C11,C16,C15,C14,C13,C12,H10,H9,H8,H7,H6,-,2.668
2,FORCAT,N2,C11,C16,C15,C14,C13,C12,H10,H9,H8,H7,H6,-,6.264
2,FORCAT,N4,C33,C38,C37,C36,C35,C34,H26,H25,H24,H23,H22,-,2.777
2,FORNUY,C7,C1,C6,C5,C4,C3,C2,H5,H4,H3,H2,H1,-,2.751
2,FORNUY,C7,C1,C6,C5,C4,C3,C2,H5,H4,H3,H2,H1,-,3.682
2,FORNUY,C7,C1,C6,C5,C4,C3,C2,H5,H4,H3,H2,H1,-,6.562
2,FORWIV,C6,C13,C18,C17,C16,C15,C14,H17,H16,H15,H14,H13,-,7.078
2,FOSBUN,N3,C6,C25,C24,C21,C22,C17,H19,H18,H15,H16,H12,-,3.803
2,FOSBUN,N5,C28,C48,C52,C49,C43,C37,H37,H40,H38,H32,H27,-,4.432
2,FOSBUN,N3,C3,C23,C26,C20,C14,C2,H17,H20,H14,H9,H2,-,4.508
2,FOSBUN,N3,C3,C23,C26,C20,C14,C2,H17,H20,H14,H9,H2,-,7.674
2,FOSBUN01,N6,C27,C38,C47,C48,C43,C36,H27,H36,H37,H32,H25,-,6.294
2,FOTLAE,P1,C11,C16,C15,C14,C13,C12,H16,H15,H14,H13,H12,-,6.037
2,FOTRAK,C7,C1,C6,C5,C4,C3,C2,H5,H4,H3,H2,H1,-,5.665
2,FOTRAK,C7,C1,C6,C5,C4,C3,C2,H5,H4,H3,H2,H1,-,3.035
2,FOTRAK,C7,C1,C6,C5,C4,C3,C2,H5,H4,H3,H2,H1,-,4.381
2,FOTRAK,C7,C1,C6,C5,C4,C3,C2,H5,H4,H3,H2,H1,-,4.527
2,FOTZUM,C6,C7,C12,C11,C10,C9,C8,H8,H7,H6,H5,H4,-,3.249
2,FOTZUM,C6,C7,C12,C11,C10,C9,C8,H8,H7,H6,H5,H4,-,4.017
2,FOVDUS,P1,C1,C6,C5,C4,C3,C2,H5,H4,H3,H2,H1,-,2.963
2,FOVJAE,C15,C12,C22,C23,C25,C24,C20,H17,H18,H20,H19,H15,-,4.872
2,FOVJAE,C15,C12,C22,C23,C25,C24,C20,H17,H18,H20,H19,H15,-,4.051
2,FOVJAE,C2,C5,C14,C18,C16,C11,C6,H9,H12,H10,H7,H2,-,6.132
2,FOVJAE,C2,C5,C14,C18,C16,C11,C6,H9,H12,H10,H7,H2,-,6.392
2,FOVJIM,C13,C11,C12,C7,C8,C9,C10,H13,H9,H10,H11,H12,-,2.926
2,FOVJOS,C9,C16,C18,C19,C20,C21,C17,H20,H21,H22,H23,H19,-,3.189
2,FOVJOS,C9,C16,C18,C19,C20,C21,C17,H20,H21,H22,H23,H19,-,3.491
2,FOVSIV,C5,C6,C11,C10,C9,C8,C7,H11,H10,H9,H8,H7,-,6.771
2,FOVSIV,C5,C6,C11,C10,C9,C8,C7,H11,H10,H9,H8,H7,-,2.524
2,FOVXUM,C4,C10,C16,C19,C17,C18,C13,H13,H16,H14,H15,H8,-,4.137
2,FOVXUM,C31,C25,C28,C32,C36,C33,C26,H19,H24,H28,H25,H17,-,4.222
2,FOVYAT,N2,C12,C17,C16,C15,C14,C13,H15,H14,H13,H12,H11,-,5.693
2,FOVYIB,P1,C37,C42,C41,C40,C39,C38,H35,H34,H33,H32,H31,-,2.624
2,FOVYIB,P4,C80,C85,C84,C83,C82,C81,H70,H69,H68,H67,H66,-,2.907
2,FOVYOH,P2,C33,C38,C37,C36,C35,C34,H28,H27,H26,H25,H24,-,2.754
2,FOVYOH,P2,C33,C38,C37,C36,C35,C34,H28,H27,H26,H25,H24,-,3.562
2,FOVYOH,P1,C8,C13,C12,C11,C10,C9,H9,H8,H7,H6,H5,-,5.036
2,FOVYUN,P1,C8,C13,C12,C11,C10,C9,H9,H8,H7,H6,H5,-,2.539
2,FOVZAU,C8,C9,C14,C13,C12,C11,C10,H16,H15,H14,H13,H12,-,3.043
2,FOVZAU,C8,C9,C14,C13,C12,C11,C10,H16,H15,H14,H13,H12,-,4.500
2,FOVZAU,C8,C9,C14,C13,C12,C11,C10,H16,H15,H14,H13,H12,-,6.636
2,FOVZEY,C12,C13,C18,C17,C16,C15,C14,H16,H15,H14,H13,H12,-,3.153
2,FOVZEY,C12,C13,C18,C17,C16,C15,C14,H16,H15,H14,H13,H12,-,6.305
2,FOVZEY,C4,C6,C11,C10,C9,C8,C7,H9,H8,H7,H6,H5,-,3.329
2,FOWBEB,C32,C36,C41,C40,C39,C38,C37,H34,H33,H32,H31,H30,-,6.792
2,FOWGIK,N1,C2,C1,C6,C7,C9,C8,H2,H4,H5,H7,H6,-,3.140
2,FOWJEJ,C7,C16,C21,C20,C19,C18,C17,H15,H14,H13,H12,H11,-,5.240
2,FOWJEJ,C7,C16,C21,C20,C19,C18,C17,H15,H14,H13,H12,H11,-,5.283
2,FOWJEJ,C5,C4,C24,C25,C1,C2,C3,H21,H22,H1,H2,H3,-,5.167
2,FOWJEJ,C5,C4,C24,C25,C1,C2,C3,H21,H22,H1,H2,H3,-,6.274
2,FOWWAS,C13,C15,C20,C19,C18,C17,C16,H13,H12,H11,H10,H9,-,2.587
2,FOWWAS,C13,C15,C20,C19,C18,C17,C16,H13,H12,H11,H10,H9,-,6.854
2,FOWXUN,C22,C3,C27,C28,C18,C19,C11,H21,H22,H11,H12,H6,-,4.620
2,FOWYAU,C1,C2,C7,C6,C5,C4,C3,H6,H5,H4,H3,H2,-,3.895
2,FOWYIC,C3,C5,C15,C23,C22,C13,C7,H11,H22,H21,H7,H2,-,4.793
2,FOWYIC,C38,C28,C36,C39,C43,C40,C31,H36,H37,H42,H38,H33,-,3.695
2,FOWYUO,C29,C31,C43,C49,C44,C46,C38,H43,H55,H44,H48,H34,-,6.374
2,FOWYUO,C3,C2,C13,C21,C16,C10,C6,H11,H19,H15,H4,H2,-,6.212
2,FOWZAV,C1,C3,C10,C16,C17,C12,C8,H4,H9,H10,H5,H2,-,4.195
2,FOWZAV,C1,C3,C10,C16,C17,C12,C8,H4,H9,H10,H5,H2,-,5.274
2,FOWZAV,C1,C3,C10,C16,C17,C12,C8,H4,H9,H10,H5,H2,-,6.694
2,FOXROC,C13,C3,C36,C37,C26,C25,C10,H35,H36,H19,H18,H6,-,6.065
2,FOXROC,C12,C5,C23,C32,C29,C30,C22,H16,H27,H23,H24,H15,-,2.809
2,FOXXAU,C21,C22,C27,C26,C25,C24,C23,H29,H28,H27,H26,H25,-,4.223
2,FOXXEY,C4,C19,C24,C23,C22,C21,C20,H26,H25,H24,H23,H22,-,5.255
2,FOXXEY,N2,C26,C31,C30,C29,C28,C27,H34,H33,H32,H31,H30,-,5.154
2,FOXXOI,C15,C16,C21,C20,C19,C18,C17,H19,H18,H17,H16,H15,-,2.750
2,FOXXOI,C15,C16,C21,C20,C19,C18,C17,H19,H18,H17,H16,H15,-,5.822
2,FOXXOI,C15,C16,C21,C20,C19,C18,C17,H19,H18,H17,H16,H15,-,6.160
2,FOXXUO,C3,C29,C34,C33,C32,C31,C30,H35,H34,H33,H32,H31,-,3.656
2,FOXXUO,C3,C29,C34,C33,C32,C31,C30,H35,H34,H33,H32,H31,-,2.685
2,FOXXUO,C3,C29,C34,C33,C32,C31,C30,H35,H34,H33,H32,H31,-,4.829
2,FOXXUO,C1,C4,C9,C8,C7,C6,C5,H6,H5,H4,H3,H2,-,2.650
2,FOXXUO,C1,C4,C9,C8,C7,C6,C5,H6,H5,H4,H3,H2,-,4.835
2,FOYDAB,C16,C9,C27,C31,C33,C29,C25,H20,H28,H32,H24,H19,-,5.435
2,FOYDAB,C16,C9,C27,C31,C33,C29,C25,H20,H28,H32,H24,H19,-,3.068
2,FOYDAB,N1,C1,C17,C23,C22,C24,C11,H10,H17,H16,H18,H2,-,3.442
2,FOYDIJ,C16,C6,C18,C22,C21,C19,C17,H11,H17,H16,H12,H10,-,3.149
2,FOYDIJ,C16,C6,C18,C22,C21,C19,C17,H11,H17,H16,H12,H10,-,5.812
2,FOYDIJ,C16,C6,C18,C22,C21,C19,C17,H11,H17,H16,H12,H10,-,3.074
2,FOYGAE,C26,C27,C32,C31,C30,C29,C28,H26,H25,H24,H23,H22,-,5.948
2,FOYGAE,C23,C19,C20,C21,C22,C17,C18,H16,H17,H18,H14,H15,-,6.387
2,FOYRIX,N4,C2,C7,C6,C5,C4,C3,H5,H4,H3,H2,H1,-,2.620
2,FOYRIX,N4,C2,C7,C6,C5,C4,C3,H5,H4,H3,H2,H1,-,5.611
2,FOZBEE,C10,C11,C16,C15,C14,C13,C12,H17,H16,H15,H14,H13,-,4.619
2,FOZBEE,C10,C11,C16,C15,C14,C13,C12,H17,H16,H15,H14,H13,-,2.792
2,FOZBEE,C10,C11,C16,C15,C14,C13,C12,H17,H16,H15,H14,H13,-,6.487
2,FOZBII,C19,C20,C25,C24,C23,C22,C21,H27,H26,H25,H24,H23,-,4.607
2,FOZBII,C47,C48,C53,C52,C51,C50,C49,H60,H59,H58,H57,H56,-,4.885
2,FOZBII,C19,C20,C25,C24,C23,C22,C21,H27,H26,H25,H24,H23,-,6.592
2,FOZBII,C47,C48,C53,C52,C51,C50,C49,H60,H59,H58,H57,H56,-,4.731
2,FOZBII,C47,C48,C53,C52,C51,C50,C49,H60,H59,H58,H57,H56,-,2.793
2,FOZBII,C19,C20,C25,C24,C23,C22,C21,H27,H26,H25,H24,H23,-,5.830
2,FOZBOO,C19,C20,C25,C24,C23,C22,C21,H27,H26,H25,H24,H23,-,4.785
2,FOZBOO,C19,C20,C25,C24,C23,C22,C21,H27,H26,H25,H24,H23,-,5.727
2,FOZBOO,C19,C20,C25,C24,C23,C22,C21,H27,H26,H25,H24,H23,-,2.518
2,FOZBOO,C19,C20,C25,C24,C23,C22,C21,H27,H26,H25,H24,H23,-,5.982
2,FOZCAB,N1,C10,C15,C14,C13,C12,C11,H17,H16,H15,H14,H13,-,3.292
2,FOZCAB,N1,C10,C15,C14,C13,C12,C11,H17,H16,H15,H14,H13,-,3.731
2,FOZCAB,N1,C10,C15,C14,C13,C12,C11,H17,H16,H15,H14,H13,-,6.277
2,FOZCAB,N1,C10,C15,C14,C13,C12,C11,H17,H16,H15,H14,H13,-,2.683
2,FOZCAB,C17,C18,C23,C22,C21,C20,C19,H24,H23,H22,H21,H20,-,4.818
2,FOZCAB,C17,C18,C23,C22,C21,C20,C19,H24,H23,H22,H21,H20,-,5.530
2,FOZCAB,C17,C18,C23,C22,C21,C20,C19,H24,H23,H22,H21,H20,-,5.146
2,FOZCUV,C14,C15,C20,C19,C18,C17,C16,H16,H17,H15,H14,H13,-,2.635
2,FOZCUV,C14,C15,C20,C19,C18,C17,C16,H16,H17,H15,H14,H13,-,4.417
2,FOZDEG,C14,C15,C20,C19,C18,C17,C16,H17,H16,H15,H14,H13,-,2.733
2,FOZDEG,C14,C15,C20,C19,C18,C17,C16,H17,H16,H15,H14,H13,-,4.562
2,FUBBOW,C3,C4,C11,C13,C14,C9,C6,H7,H9,H10,H4,H2,-,5.298
2,FUBBOW,C3,C4,C11,C13,C14,C9,C6,H7,H9,H10,H4,H2,-,4.769
2,FUBBOW,C3,C4,C11,C13,C14,C9,C6,H7,H9,H10,H4,H2,-,6.382
2,FUBMOH,C5,C3,C13,C17,C21,C20,C8,H5,H9,H13,H12,H1,-,4.765
2,FUBMOH,C5,C3,C13,C17,C21,C20,C8,H5,H9,H13,H12,H1,-,6.030
2,FUBMUN,C2,C1,C13,C6,C17,C7,C5,H6,H2,H9,H3,H1,-,3.624
2,FUBMUN,C2,C1,C13,C6,C17,C7,C5,H6,H2,H9,H3,H1,-,6.162
2,FUBMUN,C2,C1,C13,C6,C17,C7,C5,H6,H2,H9,H3,H1,-,4.536
2,FUBPAW,C5,C6,C11,C10,C9,C8,C7,H8,H7,H6,H5,H4,-,4.878
2,FUBVAC,C1,C17,C22,C21,C20,C19,C18,H16,H15,H14,H13,H12,-,5.505
2,FUBVEG,C16,C20,C24,C17,C18,C19,C23,H26,H19,H20,H21,H25,-,4.655
2,FUBVEG,C16,C20,C24,C17,C18,C19,C23,H26,H19,H20,H21,H25,-,4.502
2,FUBVEG,N1,C4,C14,C21,C15,C13,C11,H17,H22,H18,H16,H15,-,4.236
2,FUBVIK,C15,C13,C23,C24,C22,C20,C21,H24,H25,H23,H21,H22,-,4.565
2,FUBVIK,C15,C13,C23,C24,C22,C20,C21,H24,H25,H23,H21,H22,-,4.897
2,FUBVIK,C15,C13,C23,C24,C22,C20,C21,H24,H25,H23,H21,H22,-,4.677
2,FUBVIK,N1,C1,C6,C7,C8,C11,C3,H4,H5,H6,H10,H2,-,4.218
2,FUDGET,C11,C2,C10,C6,C4,C9,C5,H11,H7,H5,H10,H6,-,2.936
2,FUDGET,C11,C2,C10,C6,C4,C9,C5,H11,H7,H5,H10,H6,-,3.327
2,FUDGET,C15,C12,C21,C18,C22,C16,C14,H25,H22,H26,H21,H18,-,6.535
2,FUDGET,C31,C24,C28,C29,C30,C33,C26,H32,H33,H34,H39,H31,-,2.936
2,FUDGET,C31,C24,C28,C29,C30,C33,C26,H32,H33,H34,H39,H31,-,3.331
2,FUDGOD,C10,C13,C18,C17,C16,C15,C14,H14,H13,H12,H11,H10,-,3.352
2,FUDHIY,C2,C9,C17,C26,C35,C37,C13,H10,H17,H24,H26,H6,-,2.957
2,FUDSIJ,P1,C5,C10,C9,C8,C7,C6,H5,H4,H3,H2,H1,-,2.733
2,FUDSIJ,P3,C45,C50,C49,C48,C47,C46,H35,H34,H33,H32,H31,-,3.476
2,FUDSIJ,P3,C51,C56,C55,C54,C53,C52,H40,H39,H38,H37,H36,-,3.032
2,FUDSIJ,P1,C17,C22,C21,C20,C19,C18,H15,H14,H13,H12,H11,-,3.074
2,FUDSIJ,P3,C57,C62,C61,C60,C59,C58,H45,H44,H43,H42,H41,-,2.429
2,FUDSIJ,P4,C63,C68,C67,C66,C65,C64,H50,H49,H48,H47,H46,-,2.367
2,FUDSIJ,P2,C23,C28,C27,C26,C25,C24,H20,H19,H18,H17,H16,-,2.729
2,FUDSIJ,P4,C69,C74,C73,C72,C71,C70,H55,H54,H53,H52,H51,-,2.749
2,FUDSIJ,P2,C35,C40,C39,C38,C37,C36,H30,H29,H28,H27,H26,-,5.583
2,FUFMIF,N1,C4,C9,C8,C7,C6,C5,H5,H4,H3,H2,H1,-,5.991
2,FUFMOL,N1,C6,C11,C10,C9,C8,C7,H8,H7,H6,H5,H4,-,3.429
2,FUFMUR,N1,C4,C9,C8,C7,C6,C5,H5,H4,H3,H2,H1,-,3.130
2,FUFQOP,C3,C4,C6,C8,C9,C7,C5,H6,H8,H9,H7,H5,-,4.248
2,FUFQOP,C3,C4,C6,C8,C9,C7,C5,H6,H8,H9,H7,H5,-,2.839
2,FUFQOP,C3,C4,C6,C8,C9,C7,C5,H6,H8,H9,H7,H5,-,3.512
2,FUFYIR,C5,C1,C17,C28,C23,C16,C11,H10,H24,H18,H9,H4,-,2.903
2,FUFYIR,C5,C1,C17,C28,C23,C16,C11,H10,H24,H18,H9,H4,-,5.433
2,FUFYIR,C5,C1,C17,C28,C23,C16,C11,H10,H24,H18,H9,H4,-,3.131
2,FUFYUD,N3,C41,C46,C45,C42,C47,C44,H50,H49,H46,H51,H48,-,2.952
2,FUFYUD,N3,C41,C46,C45,C42,C47,C44,H50,H49,H46,H51,H48,-,6.773
2,FUFYUD,P1,C2,C7,C18,C24,C23,C4,H5,H16,H23,H22,H3,-,5.120
2,FUFYUD,P1,C3,C30,C22,C12,C9,C5,H30,H21,H10,H7,H4,-,2.735
2,FUFZAK,C42,C39,C58,C68,C66,C65,C57,H44,H56,H53,H52,H43,-,4.647
2,FUFZAK,C42,C39,C58,C68,C66,C65,C57,H44,H56,H53,H52,H43,-,4.530
2,FUFZAK,C7,C12,C23,C29,C30,C32,C20,H14,H21,H22,H24,H11,-,3.910
2,FUFZAK,C7,C12,C23,C29,C30,C32,C20,H14,H21,H22,H24,H11,-,6.223
2,FUFZAK,C7,C12,C23,C29,C30,C32,C20,H14,H21,H22,H24,H11,-,4.495
2,FUGLAX,C24,C8,C22,C25,C23,C21,C9,H12,H16,H13,H11,H4,-,5.975
2,FUGNED,C16,C23,C28,C27,C26,C25,C24,H20,H19,H18,H17,H16,-,4.072
2,FUGNIH,C33,C34,C39,C38,C37,C36,C35,H51,H50,H49,H48,H47,-,2.777
2,FUGNON,C2,C9,C14,C13,C12,C11,C10,H10,H9,H8,H7,H6,-,3.544
2,FUGNON,C2,C9,C14,C13,C12,C11,C10,H10,H9,H8,H7,H6,-,2.941
2,FUGNON,C34,C41,C46,C45,C44,C43,C42,H36,H35,H34,H33,H32,-,4.861
2,FUGNON,C34,C41,C46,C45,C44,C43,C42,H36,H35,H34,H33,H32,-,2.570
2,FUGNON,P1,C17,C18,C19,C20,C21,C16,H13,H14,H15,H16,H12,-,3.132
2,FUGNON,P1,C28,C29,C15,C30,C31,C32,H22,H11,H23,H24,H25,-,2.886
2,FUGSAE,C8,C12,C17,C16,C15,C14,C13,H14,H13,H12,H11,H10,-,3.063
2,FUHHOI,N3,C17,C22,C21,C20,C19,C18,H13,H12,H11,H10,H9,-,2.892
2,FUHHOI,N3,C17,C22,C21,C20,C19,C18,H13,H12,H11,H10,H9,-,5.408
2,FUHZEQ,C7,C6,C5,C4,C3,C2,C1,H6,H5,H4,H3,H2,-,3.643
2,FUHZIU,C13,C14,C19,C18,C17,C16,C15,H16,H15,H14,H13,H12,-,3.893
2,FUHZIU,C20,C21,C26,C25,C24,C23,C22,H23,H22,H21,H20,H19,-,3.196
2,FUJMIJ,C3,C2,C9,C15,C14,C16,C8,H2,H8,H7,H9,H1,-,2.540
2,FUJMIJ,C3,C2,C9,C15,C14,C16,C8,H2,H8,H7,H9,H1,-,3.664
2,FUJMIJ,C3,C2,C9,C15,C14,C16,C8,H2,H8,H7,H9,H1,-,4.997
2,FUJMIJ,C3,C2,C9,C15,C14,C16,C8,H2,H8,H7,H9,H1,-,6.524
2,FUJNUW,C17,C18,C23,C22,C21,C20,C19,H24,H23,H22,H21,H20,-,7.063
2,FUJPEI,C4,C5,C10,C9,C8,C7,C6,H8,H7,H6,H5,H4,-,7.246
2,FUJPEI,C4,C5,C10,C9,C8,C7,C6,H8,H7,H6,H5,H4,-,4.963
2,FUJPIM,C15,C16,C21,C20,C19,C18,C17,H20,H19,H18,H17,H16,-,5.950
2,FUJPOS,C21,C22,C27,C26,C25,C24,C23,H22,H21,H20,H19,H18,-,3.058
2,FUJQAF,C14,C15,C20,C19,C18,C17,C16,H20,H19,H18,H17,H16,-,3.248
2,FUJVEO,C1,C13,C18,C17,C16,C15,C14,H16,H15,H14,H13,H12,-,3.191
2,FUJWUF,P2,C2,C14,C13,C12,C11,C10,H13,H12,H11,H10,H9,-,6.032
2,FUJWUF,P1,C4,C8,C7,C6,C52,C5,H6,H5,H4,H44,H3,-,5.204
2,FUJWUF,P1,C4,C8,C7,C6,C52,C5,H6,H5,H4,H44,H3,-,6.285
2,FUJWUF,P2,C15,C20,C19,C18,C17,C16,H18,H17,H16,H15,H14,-,5.551
2,FUJWUF,P2,C15,C20,C19,C18,C17,C16,H18,H17,H16,H15,H14,-,6.831
2,FUJWUF,P3,C27,C32,C31,C30,C29,C28,H28,H27,H26,H25,H24,-,6.043
2,FUJWUF,P3,C33,C38,C37,C36,C35,C34,H33,H32,H31,H30,H29,-,6.583
2,FUJWUF,P4,C39,C44,C43,C42,C41,C40,H38,H37,H36,H35,H34,-,4.899
2,FUJWUF,P4,C39,C44,C43,C42,C41,C40,H38,H37,H36,H35,H34,-,6.609
2,FUJWUF,P4,C45,C50,C49,C48,C47,C46,H43,H42,H41,H40,H39,-,6.600
2,FULBOG,C7,C6,C5,C4,C3,C2,C1,H6,H5,H4,H3,H2,-,6.804
2,FULBOG,C22,C23,C28,C27,C26,C25,C24,H23,H22,H21,H20,H19,-,3.605
2,FULBOG,C22,C23,C28,C27,C26,C25,C24,H23,H22,H21,H20,H19,-,2.995
2,FULFIE,P2,C10,C33,C36,C29,C40,C21,H21,H24,H17,H28,H9,-,2.786
2,FULFOK,P1,C6,C5,C20,C28,C25,C47,H2,H10,H17,H15,H35,-,4.683
2,FULFOK,P2,C2,C23,C40,C30,C29,C14,H13,H28,H19,H18,H6,-,2.627
2,FULFUQ,P2,C3,C2,C47,C9,C40,C23,H2,H37,H4,H30,H17,-,3.593
2,FULFUQ,P2,C21,C24,C1,C33,C22,C15,H18,H1,H24,H16,H10,-,2.779
2,FULLOQ,N1,C5,C16,C14,C15,C12,C6,H16,H14,H15,H13,H6,-,6.709
2,FULLOQ,N2,C19,C29,C20,C21,C25,C18,H32,H22,H23,H28,H20,-,6.775
2,FULLOQ,N4,C49,C48,C52,C51,C61,C50,H51,H54,H53,H63,H52,-,7.156
2,FULMAD,C22,C16,C21,C20,C19,C18,C17,H18,H17,H16,H15,H14,-,6.080
2,FULMAD,C22,C16,C21,C20,C19,C18,C17,H18,H17,H16,H15,H14,-,6.336
2,FULMAD,C24,C26,C31,C30,C29,C28,C27,H23,H22,H21,H20,H19,-,6.449
2,FULMEH,C9,C22,C27,C26,C25,C24,C23,H21,H20,H19,H18,H17,-,3.125
2,FULMEH,C49,C50,C55,C54,C53,C52,C51,H41,H40,H39,H38,H37,-,5.690
2,FULNAE,C26,C27,C32,C31,C30,C29,C28,H28,H27,H26,H25,H24,-,2.444
2,FULNAE,C26,C27,C32,C31,C30,C29,C28,H28,H27,H26,H25,H24,-,3.642
2,FULPEK,N1,C7,C11,C14,C16,C10,C9,H6,H13,H17,H5,H4,-,6.382
2,FULQAH,C10,C11,C16,C15,C14,C13,C12,H16,H15,H14,H13,H12,-,2.779
2,FULQAH,C10,C11,C16,C15,C14,C13,C12,H16,H15,H14,H13,H12,-,4.034
2,FULQAH,C10,C11,C16,C15,C14,C13,C12,H16,H15,H14,H13,H12,-,4.453
2,FULQOV,C7,C6,C5,C4,C3,C2,C1,H5,H4,H3,H2,H1,-,7.238
2,FULQOV,C7,C6,C5,C4,C3,C2,C1,H5,H4,H3,H2,H1,-,4.083
2,FULREM,C11,C13,C20,C24,C23,C21,C16,H11,H15,H14,H12,H7,-,2.872
2,FULREM,C11,C13,C20,C24,C23,C21,C16,H11,H15,H14,H12,H7,-,4.284
2,FULREM,C11,C13,C20,C24,C23,C21,C16,H11,H15,H14,H12,H7,-,5.234
2,FULXOC,C1,C9,C14,C13,C12,C11,C10,H10,H9,H8,H7,H6,-,2.528
2,FULXOC,C19,C20,C25,C24,C23,C22,C21,H23,H22,H21,H20,H19,-,2.716
2,FULXOC,C44,C45,C50,C49,C48,C47,C46,H46,H45,H44,H43,H42,-,2.814
2,FULXUI,C1,C9,C14,C13,C12,C11,C10,H9,H8,H7,H6,H5,-,2.936
2,FULXUI,C23,C24,C29,C28,C27,C26,C25,H26,H25,H24,H23,H22,-,4.972
2,FULXUI,C23,C24,C29,C28,C27,C26,C25,H26,H25,H24,H23,H22,-,6.691
2,FULYAP,C2,C16,C21,C20,C19,C18,C17,H16,H15,H14,H13,H12,-,6.281
2,FULYUJ,C34,C35,C40,C39,C38,C37,C36,H34,H33,H32,H31,H30,-,3.159
2,FULYUJ,C34,C35,C40,C39,C38,C37,C36,H34,H33,H32,H31,H30,-,3.804
2,FULYUJ,C34,C35,C40,C39,C38,C37,C36,H34,H33,H32,H31,H30,-,6.149
2,FULYUJ,C8,C9,C14,C13,C12,C11,C10,H10,H9,H8,H7,H6,-,2.956
2,FULYUJ,C8,C9,C14,C13,C12,C11,C10,H10,H9,H8,H7,H6,-,3.566
2,FULYUJ,C8,C9,C14,C13,C12,C11,C10,H10,H9,H8,H7,H6,-,6.260
2,FULYUJ,C34,C35,C40,C39,C38,C37,C36,H34,H33,H32,H31,H30,-,5.401
2,FULYUJ,C8,C9,C14,C13,C12,C11,C10,H10,H9,H8,H7,H6,-,5.170
2,FUMHUT,N4,C8,C13,C12,C11,C10,C9,H10,H9,H8,H7,H6,-,3.887
2,FUMHUT,N4,C8,C13,C12,C11,C10,C9,H10,H9,H8,H7,H6,-,6.175
2,FUMHUT,N4,C8,C13,C12,C11,C10,C9,H10,H9,H8,H7,H6,-,6.759
2,FUMPUB,Se1,C18,C23,C22,C21,C20,C19,H19,H18,H17,H16,H15,-,2.666
2,FUNQAJ,C9,C24,C29,C28,C27,C26,C25,H29,H28,H27,H26,H25,-,5.957
2,FUNQUD,C15,C9,C19,C17,C11,C6,C13,H13,H12,H8,H5,H10,-,5.621
2,FUNRAK,C19,C20,C25,C24,C23,C22,C21,H18,H17,H16,H15,H14,-,5.135
2,FUNRAK,C8,C26,C31,C30,C29,C28,C27,H23,H22,H21,H20,H19,-,5.891
2,GEVBIU01,C15,C16,C21,C20,C19,C18,C17,H17,H16,H15,H14,H13,-,4.235
2,GEVBIU01,C1,C2,C7,C6,C5,C4,C3,H6,H5,H4,H3,H2,-,3.363
2,GIMBOV01,C1,C4,C8,C16,C11,C12,C7,H3,H13,H8,H9,H2,-,5.775
2,GOFSOM,N1,C4,C14,C15,C9,C20,C8,H10,H11,H8,H14,H7,-,4.932
2,GOFSOM,N1,C4,C14,C15,C9,C20,C8,H10,H11,H8,H14,H7,-,6.297
2,GOLJAV,C27,C28,C33,C32,C31,C30,C29,H29,H28,H27,H26,H25,-,4.522
2,GONQIM01,Sb1,C10,C5,C8,C14,C18,C22,H4,H6,H10,H14,H18,-,6.344
2,GONQIM01,Sb1,C10,C5,C8,C14,C18,C22,H4,H6,H10,H14,H18,-,5.905
2,GONQIM01,Sb2,C34,C28,C41,C40,C36,C37,H22,H33,H32,H28,H29,-,5.758
2,GONQIM01,Sb1,C1,C12,C24,C16,C23,C2,H8,H20,H12,H19,H1,-,5.769
2,GONQIM01,Sb2,C26,C31,C48,C44,C42,C30,H25,H40,H36,H34,H24,-,6.359
2,GONQIM01,Sb2,C26,C31,C48,C44,C42,C30,H25,H40,H36,H34,H24,-,5.895
2,GONQIM01,Sb1,C7,C3,C17,C19,C15,C21,H2,H13,H15,H11,H17,-,5.917
2,GONQIM01,Sb1,C7,C3,C17,C19,C15,C21,H2,H13,H15,H11,H17,-,2.881
2,GONQIM01,Sb1,C7,C3,C17,C19,C15,C21,H2,H13,H15,H11,H17,-,5.764
2,GONQIM01,Sb2,C32,C45,C39,C38,C43,C35,H37,H31,H30,H35,H27,-,5.890
2,GONQIM01,Sb2,C32,C45,C39,C38,C43,C35,H37,H31,H30,H35,H27,-,2.887
2,GONQIM01,Sb2,C32,C45,C39,C38,C43,C35,H37,H31,H30,H35,H27,-,5.748
2,GOPZET,C1,C10,C15,C14,C13,C12,C11,H10,H9,H8,H7,H6,-,3.475
2,GOPZET,C16,C25,C30,C29,C28,C27,C26,H20,H19,H18,H17,H16,-,3.637
2,GOQDIC,C25,C24,C23,C22,C21,C20,C19,H27,H26,H25,H24,H23,-,4.721
2,GOQDIC,C7,C6,C5,C4,C3,C2,C1,H7,H6,H5,H4,H3,-,5.013
2,GOQDIC,C25,C24,C23,C22,C21,C20,C19,H27,H26,H25,H24,H23,-,2.959
2,GOQDIC,C25,C24,C23,C22,C21,C20,C19,H27,H26,H25,H24,H23,-,4.403
2,GOQDIC,C25,C24,C23,C22,C21,C20,C19,H27,H26,H25,H24,H23,-,6.385
2,GOQDIC,C7,C6,C5,C4,C3,C2,C1,H7,H6,H5,H4,H3,-,6.593
2,GOQMIL,C11,C12,C17,C16,C15,C14,C13,H9,H8,H7,H6,H5,-,2.767
2,GOQMIL,C11,C12,C17,C16,C15,C14,C13,H9,H8,H7,H6,H5,-,6.272
2,GOQMIL,C11,C12,C17,C16,C15,C14,C13,H9,H8,H7,H6,H5,-,2.932
2,GOQMIL,C11,C12,C17,C16,C15,C14,C13,H9,H8,H7,H6,H5,-,4.061
2,GOQNIM,C15,C16,C21,C20,C19,C18,C17,H17,H16,H15,H14,H13,-,5.958
2,GOQRUC,N1,C1,C6,C5,C4,C3,C2,H5,H4,H3,H2,H1,-,5.694
2,GOQRUC,N1,C1,C6,C5,C4,C3,C2,H5,H4,H3,H2,H1,-,4.846
2,GOQRUC,N1,C1,C6,C5,C4,C3,C2,H5,H4,H3,H2,H1,-,5.223
2,GOQRUC,N1,C1,C6,C5,C4,C3,C2,H5,H4,H3,H2,H1,-,2.650
2,GOQRUC,N1,C1,C6,C5,C4,C3,C2,H5,H4,H3,H2,H1,-,4.198
2,GOQYIX,P1,C4,C26,C25,C13,C12,C11,H20,H19,H8,H7,H6,-,2.491
2,GOQYIX,C10,C9,C28,C27,C6,C7,C8,H22,H21,H3,H4,H5,-,4.488
2,GORLAD,C12,C8,C16,C15,C11,C17,C14,H11,H10,H7,H12,H9,-,2.777
2,GORLAD,C12,C8,C16,C15,C11,C17,C14,H11,H10,H7,H12,H9,-,2.954
2,GORLAD,C12,C8,C16,C15,C11,C17,C14,H11,H10,H7,H12,H9,-,6.535
2,GORLAD,C12,C8,C16,C15,C11,C17,C14,H11,H10,H7,H12,H9,-,5.300
2,GORLAD,C12,C8,C16,C15,C11,C17,C14,H11,H10,H7,H12,H9,-,5.987
2,GORLAD,C12,C8,C16,C15,C11,C17,C14,H11,H10,H7,H12,H9,-,7.366
2,GORPOV,C1,C5,C10,C9,C8,C7,C6,H8,H7,H6,H5,H4,-,5.124
2,GORPOV,C1,C5,C10,C9,C8,C7,C6,H8,H7,H6,H5,H4,-,6.081
2,GORPOV,C1,C5,C10,C9,C8,C7,C6,H8,H7,H6,H5,H4,-,3.294
2,GORPOV,C1,C5,C10,C9,C8,C7,C6,H8,H7,H6,H5,H4,-,2.589
2,GORPUB,P1,C7,C12,C11,C10,C9,C8,H10,H9,H8,H7,H6,-,3.703
2,GORPUB,P2,C19,C24,C23,C22,C21,C20,H20,H19,H18,H17,H16,-,2.807
2,GORPUB,P4,C55,C60,C59,C58,C57,C56,H50,H49,H48,H47,H46,-,2.413
2,GORPUB,P4,C61,C66,C65,C64,C63,C62,H55,H54,H53,H52,H51,-,2.676
2,GORPUB,P4,C67,C72,C71,C70,C69,C68,H60,H59,H58,H57,H56,-,5.011
2,GORQOW,C1,C2,C7,C6,C5,C4,C3,H5,H4,H3,H2,H1,-,5.016
2,GORQOW,C8,C9,C14,C13,C12,C11,C10,H10,H9,H8,H7,H6,-,5.995
2,GORRAJ,Sb1,C9,C14,C13,C12,C11,C10,H15,H14,H13,H12,H11,-,4.910
2,GORRAJ,Sb1,C9,C14,C13,C12,C11,C10,H15,H14,H13,H12,H11,-,4.913
2,GORRAJ,Sb1,C15,C20,C19,C18,C17,C16,H20,H19,H18,H17,H16,-,3.552
2,GORRAJ,Sb1,C15,C20,C19,C18,C17,C16,H20,H19,H18,H17,H16,-,3.788
2,GORRAJ01,Sb1,C9,C14,C13,C12,C11,C10,H15,H14,H13,H12,H11,-,4.922
2,GORRAJ01,Sb1,C9,C14,C13,C12,C11,C10,H15,H14,H13,H12,H11,-,4.910
2,GORRAJ01,Sb1,C15,C20,C19,C18,C17,C16,H20,H19,H18,H17,H16,-,3.504
2,GORRAJ01,Sb1,C15,C20,C19,C18,C17,C16,H20,H19,H18,H17,H16,-,3.780
2,GORRAJ01,Sb1,C21,C26,C25,C24,C23,C22,H25,H24,H23,H22,H21,-,4.305
2,GORRAJ02,Sb1,C15,C20,C19,C18,C17,C16,H20,H19,H18,H17,H16,-,4.058
2,GORRAJ02,Sb1,C21,C26,C25,C24,C23,C22,H25,H24,H23,H22,H21,-,5.124
2,GORRAJ02,Sb1,C21,C26,C25,C24,C23,C22,H25,H24,H23,H22,H21,-,2.637
2,GORRAJ03,Sb1,C15,C20,C19,C18,C17,C16,H20,H19,H18,H17,H16,-,3.958
2,GORRAJ03,Sb1,C21,C26,C25,C24,C23,C22,H25,H24,H23,H22,H21,-,5.183
2,GORRAJ03,Sb1,C21,C26,C25,C24,C23,C22,H25,H24,H23,H22,H21,-,2.539
2,GORRAJ03,Sb1,C21,C26,C25,C24,C23,C22,H25,H24,H23,H22,H21,-,3.174
2,GORSEO,C27,C30,C35,C34,C33,C32,C31,H30,H29,H28,H27,H26,-,6.651
2,GORSEO,C29,C36,C41,C40,C39,C38,C37,H35,H34,H33,H32,H31,-,5.379
2,GORVAN,C1,C9,C14,C13,C12,C11,C10,H7,H6,H5,H4,H3,-,4.026
2,GORVAN,C1,C9,C14,C13,C12,C11,C10,H7,H6,H5,H4,H3,-,4.441
2,GORVAN,C31,C39,C44,C43,C42,C41,C40,H30,H29,H28,H27,H26,-,2.634
2,GORVAN,N6,C50,C55,C54,C53,C52,C51,H39,H38,H37,H36,H35,-,4.175
2,GORVAN,N3,C20,C25,C24,C23,C22,C21,H16,H15,H14,H13,H12,-,6.903
2,GORVAN,N6,C50,C55,C54,C53,C52,C51,H39,H38,H37,H36,H35,-,6.861
2,GORZUL,N4,C12,C17,C16,C15,C14,C13,H16,H15,H14,H13,H12,-,5.527
2,GORZUL,N4,C12,C17,C16,C15,C14,C13,H16,H15,H14,H13,H12,-,6.193
2,GORZUL,N4,C12,C17,C16,C15,C14,C13,H16,H15,H14,H13,H12,-,6.287
2,GORZUL,N4,C12,C17,C16,C15,C14,C13,H16,H15,H14,H13,H12,-,6.043
2,GOSTIU,C2,C5,C13,C4,C6,C10,C3,H13,H3,H4,H8,H2,-,3.654
2,GOSTIU,C2,C5,C13,C4,C6,C10,C3,H13,H3,H4,H8,H2,-,6.166
2,GOTBAV,S1,C2,C18,C21,C19,C20,C15,H13,H16,H14,H15,H10,-,5.706
2,GOTJIL,C8,C17,C22,C21,C20,C19,C18,H14,H13,H12,H11,H10,-,3.977
2,GOTJIL,C8,C17,C22,C21,C20,C19,C18,H14,H13,H12,H11,H10,-,2.861
2,GOTJIL,C8,C17,C22,C21,C20,C19,C18,H14,H13,H12,H11,H10,-,3.636
2,GOTJIL,C8,C17,C22,C21,C20,C19,C18,H14,H13,H12,H11,H10,-,3.123
2,GOTKEI,N1,C5,C3,C9,C13,C7,C2,H4,H6,H9,H5,H3,-,5.081
2,GOTKEI,N1,C5,C3,C9,C13,C7,C2,H4,H6,H9,H5,H3,-,2.831
2,GOTYOG,C8,C1,C19,C26,C22,C27,C15,H8,H14,H10,H15,H5,-,6.010
2,GOVTIX,C31,C49,C54,C53,C52,C51,C50,H40,H39,H38,H37,H36,-,6.113
2,GOVTIX,C4,C22,C27,C26,C25,C24,C23,H20,H19,H18,H17,H16,-,6.103
2,GOVTUJ,C2,C7,C4,C12,C18,C22,C21,H2,H7,H12,H16,H15,-,6.056
2,GOVTUJ,C2,C7,C4,C12,C18,C22,C21,H2,H7,H12,H16,H15,-,6.544
2,GOVVEV,C34,C42,C48,C54,C52,C50,C44,H30,H36,H34,H32,H26,-,2.678
2,GOVVEV,C4,C13,C22,C29,C26,C17,C20,H13,H20,H17,H8,H11,-,4.778
2,GOVVEV,C1,C5,C14,C25,C23,C19,C8,H5,H16,H14,H10,H1,-,4.772
2,GOVVEV,C31,C32,C37,C46,C45,C41,C36,H22,H28,H27,H24,H21,-,4.841
2,GOVVEV,C2,C6,C10,C16,C21,C15,C9,H3,H7,H12,H6,H2,-,2.631
2,GOVVEV,C2,C6,C10,C16,C21,C15,C9,H3,H7,H12,H6,H2,-,6.769
2,GOVVEV,C30,C35,C43,C49,C51,C47,C38,H25,H31,H33,H29,H23,-,2.716
2,GOVVEV,C3,C7,C18,C27,C28,C24,C11,H9,H18,H19,H15,H4,-,5.697
2,GOVVIZ,C8,C7,C24,C28,C29,C30,C23,H13,H17,H18,H19,H12,-,2.736
2,GOVVIZ,C8,C7,C24,C28,C29,C30,C23,H13,H17,H18,H19,H12,-,6.223
2,GOVVIZ,C3,C1,C16,C14,C21,C26,C13,H6,H4,H10,H15,H3,-,5.146
2,GOVVIZ,C3,C1,C16,C14,C21,C26,C13,H6,H4,H10,H15,H3,-,6.199
2,GOVVIZ,C3,C1,C16,C14,C21,C26,C13,H6,H4,H10,H15,H3,-,6.226
2,GOVVIZ,C6,C2,C12,C22,C17,C19,C11,H2,H11,H7,H9,H1,-,3.002
2,GOVVOF,C8,C11,C28,C31,C30,C26,C12,H17,H20,H19,H15,H2,-,2.850
2,GOVVOF,C9,C1,C16,C24,C22,C17,C14,H5,H13,H11,H6,H3,-,5.299
2,GOVVOF,C7,C5,C20,C21,C29,C18,C19,H9,H10,H18,H7,H8,-,2.667
2,GOVVOF,C7,C5,C20,C21,C29,C18,C19,H9,H10,H18,H7,H8,-,3.663
2,GOVVOF,C3,C6,C15,C27,C25,C23,C10,H4,H16,H14,H12,H1,-,5.879
2,GOWDOO,C21,C22,C27,C26,C25,C24,C23,H33,H32,H31,H30,H29,-,4.888
2,GOWDOO,C21,C22,C27,C26,C25,C24,C23,H33,H32,H31,H30,H29,-,6.296
2,GOWDUU,C21,C22,C27,C26,C25,C24,C23,H31,H30,H29,H28,H27,-,4.339
2,GOWDUU,C21,C22,C27,C26,C25,C24,C23,H31,H30,H29,H28,H27,-,3.537
2,GOWDUU,C21,C22,C27,C26,C25,C24,C23,H31,H30,H29,H28,H27,-,3.324
2,GOWFAC,C3,C2,C25,C27,C29,C28,C5,H28,H32,H34,H33,H2,-,5.918
2,GOWFAC,C3,C2,C25,C27,C29,C28,C5,H28,H32,H34,H33,H2,-,4.016
2,GOWFEG,C21,C22,C27,C26,C25,C24,C23,H32,H31,H30,H29,H28,-,4.794
2,GOWFEG,C21,C22,C27,C26,C25,C24,C23,H32,H31,H30,H29,H28,-,2.768
2,GOWFEG,C21,C22,C27,C26,C25,C24,C23,H32,H31,H30,H29,H28,-,2.771
2,GOWFEG,C28,C29,C34,C33,C32,C31,C30,H37,H36,H35,H34,H33,-,5.409
2,GOWFEG,C28,C29,C34,C33,C32,C31,C30,H37,H36,H35,H34,H33,-,2.641
2,GOWFIK,C21,C22,C27,C26,C25,C24,C23,H33,H32,H31,H30,H29,-,3.210
2,GOWFIK,C21,C22,C27,C26,C25,C24,C23,H33,H32,H31,H30,H29,-,4.648
2,GOWFOQ,C21,C22,C27,C26,C25,C24,C23,H32,H31,H30,H29,H28,-,2.658
2,GOWFOQ,C21,C22,C27,C26,C25,C24,C23,H32,H31,H30,H29,H28,-,2.771
2,GOWFOQ,C21,C22,C27,C26,C25,C24,C23,H32,H31,H30,H29,H28,-,6.493
2,GOWFOQ,C28,C29,C34,C33,C32,C31,C30,H37,H36,H35,H34,H33,-,3.874
2,GOWFOQ,C28,C29,C34,C33,C32,C31,C30,H37,H36,H35,H34,H33,-,2.750
2,GOWGAD,C21,C22,C27,C26,C25,C24,C23,H33,H32,H31,H30,H29,-,3.131
2,GOWGAD,C21,C22,C27,C26,C25,C24,C23,H33,H32,H31,H30,H29,-,5.719
2,GOWGAD,C21,C22,C27,C26,C25,C24,C23,H33,H32,H31,H30,H29,-,4.953
2,GOWGAD,C21,C22,C27,C26,C25,C24,C23,H33,H32,H31,H30,H29,-,6.584
2,GOWGEH,C21,C22,C27,C26,C25,C24,C23,H34,H33,H32,H31,H30,-,5.602
2,GOWGEH,C21,C22,C27,C26,C25,C24,C23,H34,H33,H32,H31,H30,-,5.979
2,GOWGEH,C21,C22,C27,C26,C25,C24,C23,H34,H33,H32,H31,H30,-,3.997
2,GOWGIL,C21,C22,C27,C26,C25,C24,C23,H33,H32,H31,H30,H29,-,2.854
2,GOWGIL,C21,C22,C27,C26,C25,C24,C23,H33,H32,H31,H30,H29,-,6.314
2,GOWGOR,C21,C22,C27,C26,C25,C24,C23,H33,H32,H31,H30,H29,-,2.676
2,GOWGOR,C52,C53,C58,C57,C56,C55,C54,H76,H75,H74,H73,H72,-,2.692
2,GOWGOR,C52,C53,C58,C57,C56,C55,C54,H76,H75,H74,H73,H72,-,4.197
2,GOWGOR,C21,C22,C27,C26,C25,C24,C23,H33,H32,H31,H30,H29,-,4.657
2,GOWKAH,O2,C9,C14,C13,C12,C11,C10,H7,H6,H5,H4,H3,-,6.543
2,GOWKAH,O6,C30,C35,C34,C33,C32,C31,H19,H18,H17,H16,H15,-,6.686
2,GOWKAH,O6,C30,C35,C34,C33,C32,C31,H19,H18,H17,H16,H15,-,3.081
2,GOWKAH,O4,C16,C21,C20,C19,C18,C17,H12,H11,H10,H9,H8,-,5.270
2,GOWKAH,O8,C37,C42,C41,C40,C39,C38,H24,H23,H22,H21,H20,-,5.070
2,GOWLUC,C10,C11,C16,C15,C14,C13,C12,H9,H8,H7,H6,H5,-,6.231
2,GOWLUC,C35,C36,C41,C40,C39,C38,C37,H28,H27,H26,H25,H24,-,6.173
2,GOXGOS,H56,C42,C47,C46,C45,C44,C43,H61,H60,H59,H58,H57,-,5.353
2,GOXHAF,C2,C3,C8,C7,C6,C5,C4,H5,H4,H3,H2,H1,-,5.211
2,GOXHAF,C2,C3,C8,C7,C6,C5,C4,H5,H4,H3,H2,H1,-,4.198
2,GOXHAF,C21,C22,C27,C26,C25,C24,C23,H21,H20,H19,H18,H17,-,3.217
2,GOXNOZ,C26,C6,C33,C34,C37,C29,C25,H37,H38,H41,H31,H27,-,3.862
2,GOXNOZ,C64,C68,C66,C72,C69,C70,C74,H69,H74,H71,H72,H78,-,4.817
2,GOXNOZ,C97,C80,C103,C108,C105,C100,C95,H108,H114,H109,H105,H100,-,4.202
2,GOXNOZ,C97,C80,C103,C108,C105,C100,C95,H108,H114,H109,H105,H100,-,7.565
2,GOXNOZ,C140,C139,C144,C142,C147,C145,C143,H148,H146,H151,H149,H147,-,4.851
2,GOXNOZ,C135,C137,C148,C152,C151,C146,C141,H152,H160,H159,H150,H145,-,6.642
2,GOXNOZ,C31,C10,C24,C36,C35,C30,C19,H26,H40,H39,H32,H22,-,5.945
2,GOXNOZ,C31,C10,C24,C36,C35,C30,C19,H26,H40,H39,H32,H22,-,6.668
2,GOXNOZ,C48,C54,C65,C76,C62,C71,C57,H68,H82,H65,H73,H61,-,6.098
2,GOXPAN,C108,C109,C114,C113,C112,C111,C110,H106,H105,H104,H103,H102,-,7.690
2,GOXPAN,C32,C33,C38,C37,C36,C35,C34,H30,H29,H28,H27,H26,-,6.371
2,GOXPAN,C69,C70,C75,C74,C73,C72,C71,H67,H66,H65,H64,H63,-,3.084
2,GOXPAN,C108,C109,C114,C113,C112,C111,C110,H106,H105,H104,H103,H102,-,4.052
2,GOXPAN,C40,C41,C76,C45,C44,C43,C42,H76,H46,H45,H44,H43,-,4.925
2,GOXPAN,C7,C6,C5,C4,C3,C2,C1,H5,H4,H3,H2,H1,-,4.094
2,GOXPAN,C7,C6,C5,C4,C3,C2,C1,H5,H4,H3,H2,H1,-,7.580
2,GOXPAN,C83,C82,C81,C80,C79,C78,C77,H81,H80,H79,H78,H77,-,3.770
2,GOXPAN,C83,C82,C81,C80,C79,C78,C77,H81,H80,H79,H78,H77,-,6.395
2,GOXPAN,C121,C120,C119,C118,C117,C116,C115,H119,H118,H117,H116,H115,-,4.902
2,GOXPER,C121,C120,C119,C118,C117,C116,C115,H131,H130,H129,H128,H127,-,5.224
2,GOXPER,C7,C4,C5,C6,C1,C2,C3,H16,H17,H13,H14,H15,-,5.560
2,GOXPER,C69,C71,C76,C75,C74,C73,C72,H80,H79,H78,H77,H76,-,5.549
2,GOXROD,C15,C24,C29,C28,C27,C26,C25,H26,H25,H24,H23,H22,-,5.122
2,GOXROD,C15,C24,C29,C28,C27,C26,C25,H26,H25,H24,H23,H22,-,3.983
2,GOXROD,C31,C32,C37,C36,C35,C34,C33,H32,H31,H30,H29,H28,-,5.567
2,GOXROD,C31,C38,C43,C42,C41,C40,C39,H37,H36,H35,H34,H33,-,3.691
2,GOXROD,C31,C38,C43,C42,C41,C40,C39,H37,H36,H35,H34,H33,-,5.890
2,GOXROD,C7,C1,C6,C5,C4,C3,C2,H5,H4,H3,H2,H1,-,5.043
2,GOYBAA,C18,C16,C19,C21,C14,C13,C12,H14,H16,H9,H8,H7,-,5.734
2,GOYBAA,C18,C16,C19,C21,C14,C13,C12,H14,H16,H9,H8,H7,-,6.294
2,GOYBAA,C4,C1,C11,C17,C15,C20,C5,H6,H11,H10,H15,H2,-,6.220
2,GOYGOT,C7,C1,C6,C10,C11,C8,C5,H4,H10,H11,H7,H3,-,3.433
2,GOYGOT,C7,C1,C6,C10,C11,C8,C5,H4,H10,H11,H7,H3,-,6.048
2,GOYGOT,C7,C1,C6,C10,C11,C8,C5,H4,H10,H11,H7,H3,-,2.774
2,GOYGOT,C7,C1,C6,C10,C11,C8,C5,H4,H10,H11,H7,H3,-,6.368
2,GOYGOT,C7,C1,C6,C10,C11,C8,C5,H4,H10,H11,H7,H3,-,6.713
2,GOYGUZ,C14,C5,C13,C16,C12,C10,C6,H13,H18,H12,H9,H4,-,4.353
2,GOYGUZ,C14,C5,C13,C16,C12,C10,C6,H13,H18,H12,H9,H4,-,6.414
2,GOYTEW,C7,C8,C13,C12,C11,C10,C9,H9,H8,H7,H6,H5,-,2.497
2,GOYTEW,C7,C8,C13,C12,C11,C10,C9,H9,H8,H7,H6,H5,-,4.488
2,GOYTEW,C7,C8,C13,C12,C11,C10,C9,H9,H8,H7,H6,H5,-,5.537
2,GOYVIC,C51,C50,C49,C48,C47,C46,C45,H50,H49,H48,H47,H46,-,3.130
2,GOYVIC,C51,C50,C49,C48,C47,C46,C45,H50,H49,H48,H47,H46,-,5.090
2,GOYVIC,C51,C50,C49,C48,C47,C46,C45,H50,H49,H48,H47,H46,-,6.066
2,GOYVIC,C7,C6,C5,C4,C3,C2,C1,H5,H4,H3,H2,H1,-,4.011
2,GOYVIC,C7,C6,C5,C4,C3,C2,C1,H5,H4,H3,H2,H1,-,6.506
2,GOYVIC,N1,C21,C26,C25,C24,C23,C22,H18,H17,H16,H15,H14,-,2.912
2,GOYVIC,N4,C80,C85,C84,C83,C82,C81,H80,H79,H78,H77,H76,-,6.344
2,GOYVUO,C13,C14,C19,C18,C17,C16,C15,H13,H12,H11,H10,H9,-,4.885
2,GOYWAV,C4,C1,C21,C27,C28,C33,C13,H10,H15,H16,H20,H4,-,5.070
2,GOYXAW,C8,C9,C14,C13,C12,C11,C10,H8,H7,H6,H5,H4,-,2.963
2,GOYXAW,C8,C9,C14,C13,C12,C11,C10,H8,H7,H6,H5,H4,-,3.665
2,GOYYAX,C1,C2,C7,C6,C5,C4,C3,H5,H4,H3,H2,H1,-,3.841
2,GOYYAX,C1,C2,C7,C6,C5,C4,C3,H5,H4,H3,H2,H1,-,6.182
2,GOYYAX,C1,C2,C7,C6,C5,C4,C3,H5,H4,H3,H2,H1,-,3.039
2,GOYYOL,C21,C15,C20,C19,C18,C17,C16,H17,H16,H15,H14,H13,-,6.224
2,GOYYOL,C7,C1,C6,C5,C4,C3,C2,H5,H4,H3,H2,H1,-,3.351
2,GOYYOL,C7,C1,C6,C5,C4,C3,C2,H5,H4,H3,H2,H1,-,6.090
2,GOYYOL,C21,C15,C20,C19,C18,C17,C16,H17,H16,H15,H14,H13,-,3.546
2,GOYYOL,C21,C15,C20,C19,C18,C17,C16,H17,H16,H15,H14,H13,-,5.170
2,GOYYOL,C7,C1,C6,C5,C4,C3,C2,H5,H4,H3,H2,H1,-,5.650
2,GOYYOL,N2,C9,C14,C13,C12,C11,C10,H10,H9,H8,H7,H6,-,3.217
2,GOYYOL,N2,C9,C14,C13,C12,C11,C10,H10,H9,H8,H7,H6,-,4.485
2,GOYYOL,N2,C9,C14,C13,C12,C11,C10,H10,H9,H8,H7,H6,-,5.840
2,GOYYOL,N4,C23,C28,C27,C26,C25,C24,H22,H21,H20,H19,H18,-,5.016
2,GOYYOL,N4,C23,C28,C27,C26,C25,C24,H22,H21,H20,H19,H18,-,6.041
2,GOYYOL,N2,C9,C14,C13,C12,C11,C10,H10,H9,H8,H7,H6,-,6.544
2,GOYYOL,N4,C23,C28,C27,C26,C25,C24,H22,H21,H20,H19,H18,-,3.032
2,GOYYOL,N4,C23,C28,C27,C26,C25,C24,H22,H21,H20,H19,H18,-,6.461
2,GOYYUR,C7,C1,C6,C5,C4,C3,C2,H5,H4,H3,H2,H1,-,5.865
2,GOZCEG,C11,C17,C22,C21,C20,C19,C18,H15,H14,H13,H12,H11,-,2.590
2,GOZCEG,C11,C17,C22,C21,C20,C19,C18,H15,H14,H13,H12,H11,-,4.453
2,GOZCEG,C11,C17,C22,C21,C20,C19,C18,H15,H14,H13,H12,H11,-,5.270
2,GOZCEG,C11,C17,C22,C21,C20,C19,C18,H15,H14,H13,H12,H11,-,4.047
2,GOZGUA,C19,C20,C25,C24,C23,C22,C21,H18,H17,H16,H15,H14,-,4.175
2,GOZHAH,C34,C35,C40,C39,C38,C37,C36,H27,H26,H25,H24,H23,-,5.034
2,GOZHAH,C2,C5,C10,C9,C8,C7,C6,H6,H5,H4,H3,H2,-,5.023
2,GOZHAH,C25,C28,C33,C32,C31,C30,C29,H22,H21,H20,H19,H18,-,3.006
2,GOZHAH,C25,C28,C33,C32,C31,C30,C29,H22,H21,H20,H19,H18,-,6.394
2,GOZJIR,C2,C1,C12,C30,C19,C21,C10,H4,H24,H10,H12,H3,-,4.850
2,GOZVAV,S1,C14,C19,C18,C17,C16,C15,H19,H18,H17,H16,H15,-,3.016
2,GUCJUM,C5,C6,C11,C10,C9,C8,C7,H7,H6,H5,H4,H3,-,6.768
2,GUCJUM,C13,C14,C19,C18,C17,C16,C15,H14,H13,H12,H11,H10,-,3.881
2,GUCJUM,C13,C14,C19,C18,C17,C16,C15,H14,H13,H12,H11,H10,-,5.039
2,GUCJUM,C21,C22,C27,C26,C25,C24,C23,H21,H20,H19,H18,H17,-,6.017
2,GUCJUM,C21,C22,C27,C26,C25,C24,C23,H21,H20,H19,H18,H17,-,6.698
2,GUCKIB,C18,C20,C25,C24,C23,C22,C21,H26,H25,H24,H23,H22,-,6.895
2,GUCKIB,C43,C45,C50,C49,C48,C47,C46,H53,H52,H51,H50,H49,-,6.919
2,GUFTUZ,P1,C13,C18,C17,C16,C15,C14,H14,H13,H12,H11,H10,-,3.905
2,GUFTUZ,P1,C19,C24,C23,C22,C21,C20,H19,H18,H17,H16,H15,-,5.992
2,GUFTUZ,P1,C7,C12,C11,C10,C9,C8,H9,H8,H7,H6,H5,-,3.091
2,GUFTUZ,P1,C7,C12,C11,C10,C9,C8,H9,H8,H7,H6,H5,-,5.173
2,GUFWOW,C7,C13,C15,C25,C18,C23,C12,H9,H19,H12,H17,H7,-,3.915
2,GUFWOW,C7,C13,C15,C25,C18,C23,C12,H9,H19,H12,H17,H7,-,6.833
2,GUFWOW,C6,C11,C24,C26,C28,C27,C22,H18,H20,H22,H21,H16,-,2.948
2,GUFWOW,C6,C11,C24,C26,C28,C27,C22,H18,H20,H22,H21,H16,-,6.659
2,GUGFOG,C32,C33,C38,C37,C36,C35,C34,H20,H19,H18,H17,H16,-,5.600
2,GUGFOG,C24,C46,C51,C50,C49,C48,C47,H31,H30,H29,H28,H27,-,5.734
2,GUGQIL,C2,C1,C6,C8,C11,C9,C5,H1,H13,H11,H7,H9,-,2.536
2,GUHWUE,C11,C12,C17,C16,C15,C14,C13,H16,H15,H14,H13,H12,-,3.693
2,GUHWUE,C40,C41,C46,C45,C44,C43,C42,H42,H41,H40,H39,H38,-,4.769
2,GUKPEK,N3,C9,C19,C24,C23,C26,C18,H19,H27,H26,H30,H18,-,5.221
2,GUMFIG,C4,C14,C19,C18,C17,C16,C15,H24,H23,H22,H21,H20,-,4.382
2,GUMHAA,H9,C8,C13,C12,C11,C10,C9,H14,H13,H12,H11,H10,-,2.940
2,GUMHAA,H9,C8,C13,C12,C11,C10,C9,H14,H13,H12,H11,H10,-,5.738
2,GUMHAA,H10,C9,C10,C11,C12,C13,C8,H11,H12,H13,H14,H9,-,6.198
2,GUMMIN,C4,C5,C10,C9,C8,C7,C6,H10,H9,H8,H7,H6,-,3.567
2,GUMMIN,C4,C5,C10,C9,C8,C7,C6,H10,H9,H8,H7,H6,-,4.572
2,GUMMOT,C4,C5,C10,C9,C8,C7,C6,H10,H9,H8,H7,H6,-,5.869
2,GUMMOT,C4,C5,C10,C9,C8,C7,C6,H10,H9,H8,H7,H6,-,3.972
2,GUMMOT,C4,C5,C10,C9,C8,C7,C6,H10,H9,H8,H7,H6,-,5.003
2,GUMMOT,C4,C5,C10,C9,C8,C7,C6,H10,H9,H8,H7,H6,-,2.389
2,GUMNUA,C5,C6,C11,C10,C9,C8,C7,H6,H5,H4,H3,H2,-,4.458
2,GUMNUA,C5,C6,C11,C10,C9,C8,C7,H6,H5,H4,H3,H2,-,4.818
2,GUMNUA,C5,C6,C11,C10,C9,C8,C7,H6,H5,H4,H3,H2,-,5.551
2,GUMNUA,C5,C6,C11,C10,C9,C8,C7,H6,H5,H4,H3,H2,-,6.626
2,GUMSUF,C10,C13,C18,C17,C16,C15,C14,H15,H14,H13,H12,H11,-,2.796
2,GUMSUF,C10,C13,C18,C17,C16,C15,C14,H15,H14,H13,H12,H11,-,2.912
2,GUMSUF,C34,C37,C42,C41,C40,C39,C38,H35,H34,H33,H32,H31,-,2.825
2,GUMSUF,C34,C37,C42,C41,C40,C39,C38,H35,H34,H33,H32,H31,-,3.259
2,HOKMUS,C5,C4,C9,C10,C12,C13,C7,H4,H5,H9,H10,H3,-,4.821
2,HOKMUS,C5,C4,C9,C10,C12,C13,C7,H4,H5,H9,H10,H3,-,4.284
2,HOKMUS,C5,C4,C9,C10,C12,C13,C7,H4,H5,H9,H10,H3,-,5.799
2,HOKTUZ,C7,C6,C5,C4,C3,C2,C1,H5,H4,H3,H2,H1,-,3.232
2,HOKZIT,C7,C6,C5,C4,C3,C2,C1,H5,H4,H3,H2,H1,-,4.123
2,HOLPAC,C5,C6,C11,C10,C9,C8,C7,H10,H9,H8,H7,H6,-,6.760
2,HONYAN,C13,C14,C19,C18,C17,C16,C15,H18,H17,H16,H15,H14,-,6.884
2,HOPBIA,C16,C17,C22,C21,C20,C19,C18,H23,H22,H21,H20,H19,-,6.520
2,HOPBIA,C16,C17,C22,C21,C20,C19,C18,H23,H22,H21,H20,H19,-,2.586
2,HOPBIA,C16,C17,C22,C21,C20,C19,C18,H23,H22,H21,H20,H19,-,3.183
2,HOPBIA,C16,C17,C22,C21,C20,C19,C18,H23,H22,H21,H20,H19,-,4.469
2,HOPBOG,C12,C13,C18,C17,C16,C15,C14,H19,H18,H17,H16,H15,-,2.785
2,HOPBOG,C12,C13,C18,C17,C16,C15,C14,H19,H18,H17,H16,H15,-,4.611
2,HOSFIH,C20,C21,C31,C34,C24,C30,C27,H25,H28,H18,H24,H21,-,6.846
2,HOSLEJ,C18,C19,C24,C23,C22,C21,C20,H23,H22,H21,H20,H19,-,3.644
2,HOSLEJ,C18,C19,C24,C23,C22,C21,C20,H23,H22,H21,H20,H19,-,5.183
2,HOSLEJ,C18,C19,C24,C23,C22,C21,C20,H23,H22,H21,H20,H19,-,2.554
2,HOSLEJ,C18,C19,C24,C23,C22,C21,C20,H23,H22,H21,H20,H19,-,6.904
2,HOSSEQ,C17,C18,C23,C22,C21,C20,C19,H29,H28,H27,H26,H25,-,2.808
2,HOSSEQ,C17,C18,C23,C22,C21,C20,C19,H29,H28,H27,H26,H25,-,5.719
2,HOSSEQ,C6,C7,C12,C11,C10,C9,C8,H13,H12,H11,H10,H9,-,4.489
2,HOSYAS,C10,C11,C16,C15,C14,C13,C12,H14,H13,H12,H11,H10,-,5.778
2,HOSYAS,C10,C11,C16,C15,C14,C13,C12,H14,H13,H12,H11,H10,-,6.420
2,HOSYEW,C12,C13,C18,C17,C16,C15,C14,H16,H15,H14,H13,H12,-,4.652
2,HOSYEW,C12,C13,C18,C17,C16,C15,C14,H16,H15,H14,H13,H12,-,6.246
2,HOTBEA,C1,C10,C15,C14,C13,C12,C11,H14,H13,H12,H11,H10,-,2.462
2,HOTBEA,C1,C10,C15,C14,C13,C12,C11,H14,H13,H12,H11,H10,-,6.648
2,HOTBIE,C35,C43,C48,C47,C46,C45,C44,H42,H41,H40,H39,H38,-,4.381
2,HOTBIE,C1,C9,C14,C13,C12,C11,C10,H14,H13,H12,H11,H10,-,3.512
2,HOTBIE,C35,C43,C48,C47,C46,C45,C44,H42,H41,H40,H39,H38,-,5.551
2,HOTBIE,C1,C9,C14,C13,C12,C11,C10,H14,H13,H12,H11,H10,-,4.594
2,HOTBIE,C1,C9,C14,C13,C12,C11,C10,H14,H13,H12,H11,H10,-,5.842
2,HOTBIE,C35,C43,C48,C47,C46,C45,C44,H42,H41,H40,H39,H38,-,3.503
2,HOTBIE,N3,C53,C58,C57,C56,C55,C54,H49,H48,H47,H46,H45,-,2.976
2,HOTBIE,N1,C19,C24,C23,C22,C21,C20,H21,H20,H19,H18,H17,-,3.663
2,HOTBIE,N2,C29,C34,C33,C32,C31,C30,H28,H27,H26,H25,H24,-,3.626
2,HOTBIE,N4,C63,C68,C67,C66,C65,C64,H56,H55,H54,H53,H52,-,3.975
2,HOTBIE,N4,C63,C68,C67,C66,C65,C64,H56,H55,H54,H53,H52,-,4.009
2,HOTCOL,C14,C15,C20,C19,C18,C17,C16,H16,H15,H14,H13,H12,-,2.509
2,HOTCOL,C14,C15,C20,C19,C18,C17,C16,H16,H15,H14,H13,H12,-,3.513
2,HOTCOL,C14,C15,C20,C19,C18,C17,C16,H16,H15,H14,H13,H12,-,4.180
2,HOTGAB,C16,C17,C22,C21,C20,C19,C18,H16,H15,H14,H13,H12,-,3.890
2,HOTGAB,C16,C17,C22,C21,C20,C19,C18,H16,H15,H14,H13,H12,-,6.324
2,HOTGAB,C16,C17,C22,C21,C20,C19,C18,H16,H15,H14,H13,H12,-,3.476
2,HOTGAB,C16,C17,C22,C21,C20,C19,C18,H16,H15,H14,H13,H12,-,5.895
2,HOTGAB,C8,C9,C14,C13,C12,C11,C10,H10,H9,H8,H7,H6,-,2.458
2,HOTHEG,C78,C76,C49,C50,C48,C77,C47,H52,H53,H51,H78,H50,-,5.224
2,HOTHEG,C33,C4,C11,C9,C8,C12,C7,H9,H7,H6,H10,H5,-,4.740
2,HOTHEG,C33,C4,C11,C9,C8,C12,C7,H9,H7,H6,H10,H5,-,6.181
2,HOTHUW,C22,C23,C28,C27,C26,C25,C24,H25,H24,H23,H22,H21,-,4.620
2,HOTHUW,C22,C29,C34,C33,C32,C31,C30,H30,H29,H28,H27,H26,-,2.925
2,HOTHUW,C22,C29,C34,C33,C32,C31,C30,H30,H29,H28,H27,H26,-,4.266
2,HOTJAE,C10,C11,C16,C15,C14,C13,C12,H15,H14,H13,H12,H11,-,4.379
2,HOTJAE,C10,C17,C22,C21,C20,C19,C18,H20,H19,H18,H17,H16,-,4.372
2,HOTJAE,C23,C24,C29,C28,C27,C26,C25,H26,H25,H24,H23,H22,-,3.969
2,HOTJAE,C23,C30,C35,C34,C33,C32,C31,H31,H30,H29,H28,H27,-,2.406
2,HOTREQ,C20,C21,C26,C25,C24,C23,C22,H29,H28,H27,H26,H25,-,2.807
2,HOTREQ,C20,C21,C26,C25,C24,C23,C22,H29,H28,H27,H26,H25,-,4.673
2,HOTREQ,C20,C21,C26,C25,C24,C23,C22,H29,H28,H27,H26,H25,-,4.795
2,HOTSAN,C13,C14,C19,C18,C17,C16,C15,H17,H16,H15,H14,H13,-,4.385
2,HOVFOQ,C10,C11,C16,C15,C14,C13,C12,H22,H21,H20,H19,H18,-,2.820
2,HOVFOQ,C10,C11,C16,C15,C14,C13,C12,H22,H21,H20,H19,H18,-,4.395
2,HOVFOQ,C10,C11,C16,C15,C14,C13,C12,H22,H21,H20,H19,H18,-,5.387
2,HOVHOS,C22,C23,C28,C27,C26,C25,C24,H16,H15,H14,H13,H12,-,4.395
2,HOVRUI,C10,C11,C16,C15,C14,C13,C12,H13,H12,H11,H10,H9,-,3.158
2,HOVRUI,C10,C11,C16,C15,C14,C13,C12,H13,H12,H11,H10,H9,-,4.054
2,HOVWEX,C16,C17,C22,C21,C20,C19,C18,H18,H17,H16,H15,H14,-,6.175
2,HOVXIC,C2,C1,C12,C19,C20,C17,C4,H5,H11,H12,H9,H2,-,5.207
2,HOWSAQ,C9,C10,C15,C14,C13,C12,C11,H9,H8,H7,H6,H5,-,5.084
2,HOWSIY,P1,C15,C38,C53,C66,C60,C31,H23,H38,H51,H45,H17,-,5.417
2,HOWSIY,P3,C18,C49,C57,C64,C56,C41,H34,H42,H49,H41,H26,-,3.908
2,HOWTEV,N2,C8,C30,C25,C31,C29,C23,H15,H9,H16,H14,H7,-,6.395
2,HOWTEV,N2,C8,C30,C25,C31,C29,C23,H15,H9,H16,H14,H7,-,2.386
2,HOWTEV,N2,C8,C30,C25,C31,C29,C23,H15,H9,H16,H14,H7,-,6.392
2,HOWTEV,N2,C8,C30,C25,C31,C29,C23,H15,H9,H16,H14,H7,-,4.096
2,HOWTEV,N2,C8,C30,C25,C31,C29,C23,H15,H9,H16,H14,H7,-,4.584
2,HOWVEX,C8,C9,C14,C13,C12,C11,C10,H9,H8,H7,H6,H5,-,5.435
2,HOWVEX,C8,C9,C14,C13,C12,C11,C10,H9,H8,H7,H6,H5,-,3.179
2,HOWVEX,C8,C9,C14,C13,C12,C11,C10,H9,H8,H7,H6,H5,-,4.386
2,HOWWAU,H37,C40,C42A,C41A,C40A,C42,C41,H39A,H38A,H37A,H39,H38,-,6.393
2,HOXJUC,C14,C20,C25,C24,C23,C22,C21,H20,H19,H18,H17,H16,-,4.824
2,HOXJUC,C39,C45,C50,C49,C48,C47,C46,H40,H39,H38,H37,H36,-,4.706
2,HOXJUC,C39,C45,C50,C49,C48,C47,C46,H40,H39,H38,H37,H36,-,4.809
2,HOXJUC,C1,C7,C12,C11,C10,C9,C8,H9,H8,H7,H6,H5,-,4.522
2,HOXJUC,C1,C7,C12,C11,C10,C9,C8,H9,H8,H7,H6,H5,-,4.711
2,HOXJUC,C26,C32,C37,C36,C35,C34,C33,H29,H28,H27,H26,H25,-,4.825
2,HOXNEQ,C7,C1,C6,C5,C4,C3,C2,H5,H4,H3,H2,H1,-,4.710
2,HOXYEB,C17,C25,C30,C29,C28,C27,C26,H24,H23,H22,H21,H20,-,2.537
2,HOYGEK,C8,C9,C16,C17,C18,C10,C11,H13,H14,H15,H8,H9,-,6.393
2,HOYGEK,C1,C2,C7,C6,C5,C4,C3,H7,H6,H5,H3,H2,-,2.742
2,HOYHEL,C16,C17,C22,C21,C20,C19,C18,H18,H17,H16,H15,H14,-,6.083
2,HOYLOZ,C29,C27,C36,C38,C42,C39,C35,H29,H33,H40,H34,H28,-,5.998
2,HOYLOZ,C3,C8,C13,C20,C18,C17,C11,H4,H17,H13,H12,H3,-,6.181
2,HOYVEZ,C24,C25,C30,C29,C28,C27,C26,H26,H25,H24,H23,H22,-,5.009
2,HOYVEZ,C24,C25,C30,C29,C28,C27,C26,H26,H25,H24,H23,H22,-,5.794
2,HOYXUR,C20,C21,C26,C25,C24,C23,C22,H13,H12,H11,H10,H9,-,2.856
2,HOYXUR,C20,C21,C26,C25,C24,C23,C22,H13,H12,H11,H10,H9,-,2.867
2,HOYXUR,C20,C21,C26,C25,C24,C23,C22,H13,H12,H11,H10,H9,-,4.520
2,HOZPEU,C9,C10,C15,C14,C13,C12,C11,H15,H14,H13,H12,H11,-,4.755
2,HOZPEU,C9,C10,C15,C14,C13,C12,C11,H15,H14,H13,H12,H11,-,6.030
2,HOZWIF,N1,C1,C6,C5,C4,C3,C2,H7,H6,H5,H4,H3,-,5.902
2,HOZYON,N1,C1,C12,C16,C11,C13,C10,H7,H11,H6,H8,H5,-,3.246
2,HOZYON,N2,C21,C32,C35,C34,C33,C31,H24,H27,H26,H25,H23,-,2.759
2,HUBDOA,C3,C22,C27,C26,C25,C24,C23,H20,H19,H18,H17,H16,-,3.405
2,HUBDUG,C23,C28,C33,C32,C31,C30,C29,H26,H25,H24,H23,H22,-,5.227
2,HUBFAO,C73,C74,C79,C78,C77,C76,C75,H62,H61,H60,H59,H58,-,6.303
2,HUBKIB,C3,C5,C12,C21,C23,C22,C7,H9,H17,H19,H18,H5,-,6.707
2,HUBPEC,C9,C10,C15,C14,C13,C12,C11,H15,H14,H13,H12,H11,-,5.052
2,HUBPEC,C6,C18,C23,C22,C21,C20,C19,H23,H22,H21,H20,H19,-,2.756
2,HUBRII,C10,C11,C16,C13,C17,C18,C14,H10,H8,H11,H12,H9,-,2.737
2,HUBRII,C10,C11,C16,C13,C17,C18,C14,H10,H8,H11,H12,H9,-,6.436
2,HUBRII,C10,C11,C16,C13,C17,C18,C14,H10,H8,H11,H12,H9,-,4.659
2,HUBTUW,P1,C27,C32,C31,C30,C29,C28,H26,H25,H24,H23,H22,-,3.022
2,HUBTUW,P2,C65,C70,C69,C68,C67,C66,H57,H56,H55,H54,H53,-,2.729
2,HUBTUW,P2,C65,C70,C69,C68,C67,C66,H57,H56,H55,H54,H53,-,5.564
2,HUBTUW,P1,C33,C38,C37,C36,C35,C34,H31,H30,H29,H28,H27,-,4.277
2,HUBTUW,P1,C33,C38,C37,C36,C35,C34,H31,H30,H29,H28,H27,-,4.529
2,HUBTUW,P2,C71,C76,C75,C74,C73,C72,H62,H61,H60,H59,H58,-,8.072
2,HUBTUW,P2,C71,C76,C75,C74,C73,C72,H62,H61,H60,H59,H58,-,3.143
2,HUBTUW,P2,C71,C76,C75,C74,C73,C72,H62,H61,H60,H59,H58,-,4.448
2,HUBWIN,C17,C18,C23,C22,C21,C20,C19,H31,H30,H29,H28,H27,-,2.625
2,HUBWIN,C17,C18,C23,C22,C21,C20,C19,H31,H30,H29,H28,H27,-,5.313
2,HUBWOT,C34,C33,C32,C15,C16,C17,C18,H24,H8,H9,H10,H11,-,4.219
2,HUBWUZ,C2,C18,C23,C22,C21,C20,C19,H15,H14,H13,H12,H11,-,4.559
2,HUBYEL,C13,C7,C19,C24,C25,C23,C18,H13,H18,H19,H17,H12,-,6.147
2,HUBYEL,C13,C7,C19,C24,C25,C23,C18,H13,H18,H19,H17,H12,-,2.709
2,HUBZEM,C31,C32,C37,C36,C35,C34,C33,H40,H39,H38,H37,H36,-,5.701
2,HUBZEM,C31,C32,C37,C36,C35,C34,C33,H40,H39,H38,H37,H36,-,2.928
2,HUBZEM,C39,C40,C45,C44,C43,C42,C41,H47,H46,H45,H44,H43,-,3.074
2,HUBZUC,C1,C6,C11,C10,C9,C8,C7,H11,H10,H9,H8,H7,-,6.085
2,HUCCAM,P1,C35,C34,C33,C32,C31,C30,H28,H27,H26,H25,H24,-,2.838
2,HUCCAM,P1,C35,C34,C33,C32,C31,C30,H28,H27,H26,H25,H24,-,5.284
2,HUCCAM,P1,C29,C28,C24,C25,C26,C27,H23,H19,H20,H21,H22,-,4.773
2,HUCCAM,P1,C29,C28,C24,C25,C26,C27,H23,H19,H20,H21,H22,-,5.222
2,HUCCAM,P1,C41,C40,C39,C38,C37,C36,H33,H32,H31,H30,H29,-,5.176
2,HUCCAM,P1,C47,C46,C45,C44,C43,C42,H38,H37,H36,H35,H34,-,4.250
2,HUCCAM,P1,C47,C46,C45,C44,C43,C42,H38,H37,H36,H35,H34,-,2.654
2,HUCCAM,P1,C47,C46,C45,C44,C43,C42,H38,H37,H36,H35,H34,-,5.277
2,HUCDER,N4,C18,C17,C16,C15,C14,C13,H17,H16,H15,H14,H13,-,2.571
2,HUCDER,N3,C24,C23,C22,C21,C20,C19,H22,H21,H20,H19,H18,-,3.924
2,HUCDER,N3,C24,C23,C22,C21,C20,C19,H22,H21,H20,H19,H18,-,4.192
2,HUDDOC,C4,C12,C17,C16,C15,C14,C13,H10,H9,H8,H7,H6,-,6.062
2,HUDDOC,C2,C18,C23,C22,C21,C20,C19,H15,H14,H13,H12,H11,-,6.358
2,HUDDUI,C2,C12,C17,C16,C15,C14,C13,H20,H19,H18,H17,H16,-,6.413
2,HUDFAQ,C9,C10,C15,C14,C13,C12,C11,H16,H15,H14,H13,H12,-,2.570
2,HUDFAQ,C9,C10,C15,C14,C13,C12,C11,H16,H15,H14,H13,H12,-,6.734
2,HUDGUL,C15,C16,C21,C20,C19,C18,C17,H21,H20,H19,H18,H17,-,4.616
2,HUDGUL,C14,C22,C27,C26,C25,C24,C23,H26,H25,H24,H23,H22,-,2.974
2,HUDHAS,C12,C24,C29,C28,C27,C26,C25,H28,H27,H26,H25,H24,-,5.182
2,HUDHAS,C12,C24,C29,C28,C27,C26,C25,H28,H27,H26,H25,H24,-,6.474
2,HUDHIA,C5,C6,C11,C10,C9,C8,C7,H7,H6,H5,H4,H3,-,6.009
2,HUDHOG,C2,C21,C26,C25,C24,C23,C22,H22,H21,H20,H19,H18,-,4.346
2,HUDHOG,C14,C15,C20,C19,C18,C17,C16,H17,H16,H15,H14,H13,-,5.200
2,HUDHOG,C5,C6,C11,C10,C9,C8,C7,H6,H5,H4,H3,H2,-,6.066
2,HUDHUM,C2,C13,C18,C17,C16,C15,C14,H13,H12,H11,H10,H9,-,2.951
2,HUDJAU,C5,C6,C11,C10,C9,C8,C7,H6,H5,H4,H3,H2,-,4.470
2,HUDJAU,C4,C12,C17,C16,C15,C14,C13,H11,H10,H9,H8,H7,-,2.951
2,HUDJAU,C4,C12,C17,C16,C15,C14,C13,H11,H10,H9,H8,H7,-,5.392
2,HUDJAU,C4,C12,C17,C16,C15,C14,C13,H11,H10,H9,H8,H7,-,2.768
2,HUDJAU,C4,C12,C17,C16,C15,C14,C13,H11,H10,H9,H8,H7,-,5.975
2,HUDJAU,C4,C12,C17,C16,C15,C14,C13,H11,H10,H9,H8,H7,-,6.699
2,HUDJEY,C2,C19,C24,C23,C22,C21,C20,H18,H17,H16,H15,H14,-,3.654
2,HUDJEY,C2,C19,C24,C23,C22,C21,C20,H18,H17,H16,H15,H14,-,4.706
2,HUDLUQ,C15,C12,C13,C10,C16,C7,C9,H14,H10,H16,H7,H9,-,3.882
2,HUDLUQ,S1,C5,C14,C1,C3,C8,C6,H15,H1,H2,H8,H6,-,2.510
2,HUDLUQ,S1,C5,C14,C1,C3,C8,C6,H15,H1,H2,H8,H6,-,4.063
2,IGAVAN01,C11,C12,C17,C16,C15,C14,C13,H20,H19,H18,H17,H16,-,6.218
2,IGAVAN01,C20,C21,C26,C25,C24,C23,C22,H30,H29,H28,H27,H26,-,6.315
2,IGIBAE,N2,C9,C19,C18,C12,C11,C10,H15,H14,H10,H9,H8,-,3.312
2,IJUVAL02,C2,C3,C10,C13,C14,C9,C6,H7,H12,H13,H6,H2,-,3.893
2,IJUVAL02,C2,C3,C10,C13,C14,C9,C6,H7,H12,H13,H6,H2,-,6.434
2,JIPZUG01,N2,C13,C18,C17,C16,C15,C14,H16,H15,H14,H13,H12,-,6.753
2,JONJOO,C14,C22,C39,C57,C44,C49,C38,H22,H38,H26,H30,H21,-,4.706
2,JONJOO,C2,C26,C24,C50,C29,C42,C13,H10,H31,H14,H24,H4,-,6.255
2,JONJOO,C5,C36,C16,C54,C56,C55,C43,H5,H35,H37,H36,H25,-,4.153
2,JONLEG,C27,C28,C33,C32,C31,C30,C29,H22,H21,H20,H19,H18,-,2.990
2,JOPDAW,C11,C12,C17,C16,C15,C14,C13,H15,H14,H13,H12,H11,-,6.839
2,JOPDAW,C11,C12,C17,C16,C15,C14,C13,H15,H14,H13,H12,H11,-,4.485
2,JOPDAW,C31,C32,C37,C36,C35,C34,C33,H34,H33,H32,H31,H30,-,4.605
2,JOPDEA,C10,C11,C16,C15,C14,C13,C12,H12,H11,H10,H9,H8,-,3.359
2,JOXHEM,C18,C13,C19,C32,C30,C28,C14,H9,H21,H19,H18,H4,-,5.104
2,JOXJIS,S1,C6,C5,C4,C3,C2,C1,H5,H4,H3,H2,H1,-,5.561
2,JOXJIS,S1,C6,C5,C4,C3,C2,C1,H5,H4,H3,H2,H1,-,6.316
2,JOXJIS,S1,C6,C5,C4,C3,C2,C1,H5,H4,H3,H2,H1,-,4.409
2,JOXKOZ,C8,C9,C14,C13,C12,C11,C10,H17,H16,H15,H14,H13,-,5.328
2,JOXKOZ,C8,C9,C14,C13,C12,C11,C10,H17,H16,H15,H14,H13,-,5.940
2,JOXKOZ,C32,C33,C38,C37,C36,C35,C34,H39,H38,H37,H36,H35,-,2.897
2,JOXLAM,C10,C16,C21,C20,C19,C18,C17,H18,H17,H16,H15,H14,-,3.077
2,JOXWUR,C9,C10,C15,C14,C13,C12,C11,H11,H10,H9,H8,H7,-,6.264
2,JOYBAD,P1,C20,C25,C24,C23,C22,C21,H25,H24,H23,H22,H21,-,5.829
2,JOYBAD,P1,C20,C25,C24,C23,C22,C21,H25,H24,H23,H22,H21,-,6.091
2,JOYBAD,P1,C20,C25,C24,C23,C22,C21,H25,H24,H23,H22,H21,-,4.092
2,JOYBAD,P1,C26,C31,C30,C29,C28,C27,H30,H29,H28,H27,H26,-,5.536
2,JOYBAD,P1,C26,C31,C30,C29,C28,C27,H30,H29,H28,H27,H26,-,5.906
2,JOYBAD,P1,C32,C37,C36,C35,C34,C33,H35,H34,H33,H32,H31,-,4.937
2,JOYBAD,P1,C38,C43,C40,C42,C41,C39,H40,H37,H39,H38,H36,-,4.736
2,JOYBAD,P1,C38,C43,C40,C42,C41,C39,H40,H37,H39,H38,H36,-,5.991
2,JOYBAD,P1,C38,C43,C40,C42,C41,C39,H40,H37,H39,H38,H36,-,4.977
2,JOYHEN,C1,C2,C7,C6,C5,C4,C3,H6,H5,H4,H3,H2,-,3.051
2,JOYHEN,C1,C2,C7,C6,C5,C4,C3,H6,H5,H4,H3,H2,-,5.069
2,JOYHEN,C19,C20,C25,C24,C23,C22,C21,H25,H24,H23,H22,H21,-,4.711
2,JOYHEN,C19,C20,C25,C24,C23,C22,C21,H25,H24,H23,H22,H21,-,6.540
2,JOYHEN,C1,C8,C13,C12,C11,C10,C9,H11,H10,H9,H8,H7,-,5.305
2,JOYHEN,C19,C26,C31,C30,C29,C28,C27,H30,H29,H28,H27,H26,-,2.836
2,JOYJIT,C2,C3,C10,C15,C12,C14,C8,H9,H14,H11,H13,H7,-,3.857
2,JOYJIT,C2,C3,C10,C15,C12,C14,C8,H9,H14,H11,H13,H7,-,6.337
2,JOYJIT,C2,C3,C10,C15,C12,C14,C8,H9,H14,H11,H13,H7,-,4.467
2,JOYJIT,C2,C3,C10,C15,C12,C14,C8,H9,H14,H11,H13,H7,-,5.284
2,JOYJIT,C2,C3,C10,C15,C12,C14,C8,H9,H14,H11,H13,H7,-,6.148
2,JOYJIT,C5,C4,C7,C11,C13,C9,C6,H6,H10,H12,H8,H5,-,6.714
2,JOYKOA,P5,C109,C114,C113,C112,C111,C110,H93,H92,H91,H90,H89,-,2.754
2,JOYKOA,P1,C19,C24,C23,C22,C21,C20,H18,H17,H16,H15,H14,-,2.650
2,JOYNET,C8,C7,C6,C5,C4,C3,C2,H8,H7,H6,H5,H4,-,3.631
2,JOYNET,C8,C7,C6,C5,C4,C3,C2,H8,H7,H6,H5,H4,-,3.851
2,JOYQIA,C5,C6,C11,C10,C9,C8,C7,H9,H8,H7,H6,H5,-,2.947
2,JOYQIA,C5,C6,C11,C10,C9,C8,C7,H9,H8,H7,H6,H5,-,6.594
2,JOYQIA,C5,C6,C11,C10,C9,C8,C7,H9,H8,H7,H6,H5,-,6.282
2,JOYQOG,C14,C7,C18,C17,C19,C15,C11,H24,H23,H25,H19,H13,-,4.841
2,JOYVIF,N4,C11,C16,C15,C14,C13,C12,H15,H14,H13,H12,H11,-,5.736
2,JOYWEC,N3,C9,C14,C13,C12,C11,C10,H14,H13,H12,H11,H10,-,3.894
2,JOYWEC,N3,C9,C14,C13,C12,C11,C10,H14,H13,H12,H11,H10,-,5.839
2,JOYWEC,N3,C15,C20,C19,C18,C17,C16,H19,H18,H17,H16,H15,-,3.109
2,JOYWEC,N3,C15,C20,C19,C18,C17,C16,H19,H18,H17,H16,H15,-,4.673
2,JOYWUS,C12,C13,C18,C17,C16,C15,C14,H18,H17,H16,H15,H14,-,5.243
2,JOYWUS,C12,C13,C18,C17,C16,C15,C14,H18,H17,H16,H15,H14,-,4.655
2,JOYWUS,C12,C13,C18,C17,C16,C15,C14,H18,H17,H16,H15,H14,-,6.081
2,JOYWUS,C12,C13,C18,C17,C16,C15,C14,H18,H17,H16,H15,H14,-,3.556
2,JOZKUH,C15,C18,C23,C22,C21,C20,C19,H23,H22,H21,H20,H19,-,3.194
2,JOZKUH,C3,C6,C11,C10,C9,C8,C7,H11,H10,H9,H8,H7,-,2.924
2,JOZKUH,C3,C6,C11,C10,C9,C8,C7,H11,H10,H9,H8,H7,-,2.976
2,JOZLAO,C3,C6,C11,C10,C9,C8,C7,H11,H10,H9,H8,H7,-,5.131
2,JOZLAO,C3,C6,C11,C10,C9,C8,C7,H11,H10,H9,H8,H7,-,5.324
2,JOZMAP,C3,C7,C12,C11,C10,C9,C8,H11,H10,H9,H8,H7,-,3.330
